tree
version=v4
num_class=1
num_tree_per_iteration=1
label_index=0
max_feature_idx=46
objective=binary sigmoid:1
feature_names=name_missing address_missing both_missing name_levenshtein name_fuzz_ratio name_ratio name_wratio name_token_sort_ratio name_token_set_ratio name_jaccard name_length_diff name_length_ratio name_token_count_diff name_tfidf_cosine name_char_cosine address_fuzz_ratio address_wratio address_token_sort_ratio address_token_set_ratio address_similarity address_ratio address_partial_ratio address_jaccard address_levenshtein address_tfidf_cosine address_char_cosine address_numeric_overlap address_numeric_match address_street_type_match house_number_match postal_match city_match state_match same_house_number same_postal_code same_city same_state address_city_match country_match same_country name_len_ratio name_length_difference address_length_ratio address_length_diff address_length_difference name_address_similarity_product name_address_similarity_sum
feature_infos=none [0:1] none [0:68] [11.111111111111116:100] [0.11111111111111116:1] [29.629629629629626:100] [5.555555555555558:100] [5.5555555555555571:100] [0:1] [0:64] [0.066666666666666666:1] [0:8] none none [0:1] [0:1] [0:1] [0:1] [0:1] [0:1] [0:1] [0:1] [0:132] [0:0.99999999999999967] [0:1] [0:1] [0:1] [0:1] [0:1] [-1:0] none [-1:1] none none none [0:1] none none none [0.066666666666666666:1] [0:64] [0:1] [0:120] [0:120] [0:90.909090909090907] [29.629629629629626:100.855]
tree_sizes=1323 789 1897 1789 1452 1549 1678 1876 1781 2144 2253 2022 1908 2144 2338 2363 2019 2427 1572 2371 2479 1915 1575 2029 1680 2023 2337 2009 1232 1805 1568 1453 1683 1569 1457 2136 1695 1985 2321 1679 1995 2786 2034 1671 1797 1900 2583 2499 2695 2262 2493 2028 1913 2257 2032 2381 1931 2506 2391 2284 1923 2504 2710 2162 2172 1806 1472 2015 1897 2356 2252 1793 2700 1899 1667 2258 2390 2287 2269 2498 1349 2049 1925 2018 2033 2036 2144 2155 1942 1017 1586 2050 1479 1480 1474 1255 1239 1483 1360 1364

Tree=0
num_leaves=11
num_cat=0
split_feature=21 9 15 3 3 4 4 3 3 4
split_gain=2199.1 95.906 173.081 4.44089e-16 4.44089e-16 2.22045e-16 1.11022e-16 6.93889e-18 6.93889e-18 3.46945e-18
threshold=0.71786556603773599 0.93750000000000011 0.32846481876332628 44.500000000000007 17.500000000000004 63.686313686313689 42.644808743169406 53.500000000000007 50.500000000000007 48.999599839935982
decision_type=2 2 2 2 2 2 2 2 2 2
left_child=1 3 -3 4 5 6 -1 8 9 -5
right_child=-2 2 -4 7 -6 -7 -8 -9 -10 -11
leaf_value=-8.6409639643699894 28.073242580418601 4.8209117687188687 -8.6409639643699858 -8.6409639643699911 -8.6409639643699929 -8.6409639643699929 -8.6409639643699929 -8.6409639643699805 -8.640963964369984 -8.6409639643699787
leaf_weight=0.038999023527141463 0.0040856119885573907 0.0037141927168703459 0.0066855468903668225 0.025999349018093088 2.0665768276667222 1.0858442407770779 0.75453825043223333 0.0038999023527139789 0.0051998698036186388 0.0037141927168704561
leaf_count=210 22 20 36 140 11128 5847 4063 21 28 20
internal_value=-8.59095 -8.62845 -3.83315 -8.64096 -8.64096 -8.64096 -8.64096 -8.64096 -8.64096 -8.64096
internal_weight=3.99926 3.99517 0.0103997 3.98477 3.94596 1.87938 0.793537 0.0388133 0.0349134 0.0297135
internal_count=21535 21513 56 21457 21248 10120 4273 209 188 160
is_linear=0
shrinkage=1


Tree=1
num_leaves=6
num_cat=0
split_feature=21 21 9 23 4
split_gain=92617.6 92888.3 2027.05 7.84293 8.88178e-16
threshold=0.65545505935556825 0.68419267299864328 0.93750000000000011 32.500000000000007 40.709353421217841
decision_type=2 2 2 2 2
left_child=2 -2 4 -4 -1
right_child=1 -3 3 -5 -6
leaf_value=-0.050008834742374386 -0.050008834742353139 -488.93572637536431 -6.024070126509784 -5.3312350663782233 -0.050008834742375198
leaf_weight=0.35030495577666565 0.0019431944092501393 0.0019431944233874482 0.090598313821828813 0.07438284445379395 3.4362743317033164
leaf_count=1983 11 33 30 26 19452
internal_value=-0.526332 -244.493 -0.28639 -5.7117 -0.0500088
internal_weight=3.95545 0.00388639 3.95156 0.164981 3.78658
internal_count=21535 44 21491 56 21435
is_linear=0
shrinkage=0.05


Tree=2
num_leaves=16
num_cat=0
split_feature=21 4 1 43 7 9 43 3 3 3 3 3 4 3 7
split_gain=1092.53 4262.84 1.44523 1.16006 0.849453 0.36558 0.0166825 0.00429436 4.44089e-16 1.38778e-17 1.38778e-17 1.38778e-17 6.93889e-18 3.46945e-18 8.67362e-19
threshold=0.62801120448179282 71.209658695147439 1.0000000180025095e-35 36.500000000000007 96.464019851116646 0.93750000000000011 14.500000000000002 2.5000000000000004 38.500000000000007 28.500000000000004 29.500000000000004 51.500000000000007 65.030120481927725 31.500000000000004 42.040285899935022
decision_type=2 2 2 2 2 2 2 2 2 2 2 2 2 2 2
left_child=2 14 5 7 9 8 -7 -4 -1 -5 12 -10 -9 -11 -2
right_child=1 -3 3 4 -6 6 -8 10 11 13 -12 -13 -14 -15 -16
leaf_value=-0.050008404332114946 -0.050008404332081896 89.214490089503059 -0.06501222096921945 -0.050008404332114231 0.13329149135564519 -0.069120483069131308 -0.07589309455704206 -0.050008404332113558 -0.050008404332114592 -0.050008404332105953 -0.050008404332110935 -0.05000840433210646 -0.050008404332112046 -0.050008404332110894 -0.050008404332105363
leaf_weight=3.3192927199415867 0.0013443194329737507 0.0016803992912173271 0.17759263515472401 0.068728331010788679 0.23440441489219666 1.7119730950669239 1.9392112348361932 0.035624464973807335 0.11863618995994318 0.0055453176610171786 0.012434954755008221 0.005881397519260644 0.017140072770416737 0.012266914825886488 0.0052092378027737141
leaf_count=19753 10 24 1 409 1 36 18 212 706 33 74 35 102 73 48
internal_value=-0.036002 18.1672 -0.0555724 0.0214819 0.083866 -0.0616948 -0.0727175 -0.0609831 -0.0500084 -0.0500084 -0.0500084 -0.0500084 -0.0500084 -0.0500084 -0.0500084
internal_weight=7.66697 0.00823396 7.65873 0.563737 0.320945 7.09499 3.65118 0.242792 3.44381 0.0865406 0.0651995 0.124518 0.0527645 0.0178122 0.00655356
internal_count=21535 82 21453 905 516 20548 54 389 20494 515 388 741 314 106 58
is_linear=0
shrinkage=0.05


Tree=3
num_leaves=15
num_cat=0
split_feature=21 5 15 23 9 9 23 3 3 3 5 5 3 3
split_gain=5887.11 21972.7 1.37133 1.05172 0.734036 0.305247 0.0682971 0.00360052 4.44089e-16 1.11022e-16 5.55112e-17 2.77556e-17 6.93889e-18 8.67362e-19
threshold=0.62145593869731808 0.66079192546583865 1.0000000180025095e-35 36.500000000000007 0.93750000000000011 0.93750000000000011 32.500000000000007 2.5000000000000004 24.500000000000004 32.500000000000007 0.49151567443198163 0.5727513227513229 35.500000000000007 26.500000000000004
decision_type=2 2 2 2 2 2 2 2 2 2 2 2 2 2
left_child=2 13 3 7 11 8 -7 -1 -4 -10 -11 -5 -9 -2
right_child=1 -3 5 4 -6 6 -8 12 9 10 -12 -13 -14 -15
leaf_value=-0.064067289921824797 -0.050007993066595771 -199.10547925945966 -0.050007993066606443 -0.050007993066605132 0.12289752964371913 -0.063981265251675454 -0.07786856097216327 -0.050007993066605583 -0.050007993066606388 -0.050007993066606284 -0.050007993066605839 -0.050007993066605354 -0.05000799306659727 -0.050007993066585599
leaf_weight=0.17135934531688679 0.0041559909004716955 0.0017583038425073028 2.3633202101336797 0.037403918104246259 0.24132177233695984 1.7076988140733251 1.8384541231365004 0.056585414567962289 0.54395527055021364 0.28612398891709745 0.080402439343743026 0.044916670885868371 0.0054347573313862077 0.0023976870579645038
leaf_count=1 37 40 14785 234 1 29 25 354 3403 1790 503 281 34 18
internal_value=-0.102242 -42.1579 -0.0548563 0.0205757 0.0789179 -0.0610172 -0.0711809 -0.0603311 -0.050008 -0.050008 -0.050008 -0.050008 -0.050008 -0.050008
internal_weight=7.38529 0.00831198 7.37698 0.557022 0.323642 6.81995 3.54615 0.23338 3.2738 0.910482 0.366526 0.0823206 0.0620202 0.00655368
internal_count=21535 95 21440 905 516 20535 54 389 20481 5696 2293 515 388 55
is_linear=0
shrinkage=0.05


Tree=4
num_leaves=12
num_cat=0
split_feature=21 3 1 23 9 9 23 3 3 4 3
split_gain=1116.04 4802.26 1.30058 0.958893 0.642745 0.254117 0.0551136 0.00302367 1.38778e-17 1.38778e-17 8.67362e-19
threshold=0.61663539712320214 16.500000000000004 1.0000000180025095e-35 36.500000000000007 0.93750000000000011 0.93750000000000011 32.500000000000007 2.5000000000000004 24.500000000000004 72.646822204344346 19.500000000000004
decision_type=2 2 2 2 2 2 2 2 2 2 2
left_child=2 -2 5 7 9 -1 -7 -4 -9 -5 -3
right_child=1 10 3 4 -6 6 -8 8 -10 -11 -12
leaf_value=-0.050007603687209273 98.600981625912141 -0.050007603687181879 -0.063194304818185762 -0.050007603687208496 0.11446724402892666 -0.063114747329730062 -0.075780833378200629 -0.050007603687208052 -0.050007603687206637 -0.050007603687206095 -0.050007603687198678
leaf_weight=3.1123357444012072 0.0015205118688753627 0.0018246142426505685 0.16519640386104573 0.062645088997669518 0.24600653350353241 1.6461467437920876 1.7957279938311783 0.040141513338312507 0.018854347174055874 0.015661272249417379 0.0047135867935139686
leaf_count=20469 44 18 1 412 1 29 25 264 124 103 45
internal_value=-0.033072 18.5634 -0.0541714 0.0197884 0.0747543 -0.0603609 -0.069723 -0.0597242 -0.0500076 -0.0500076 -0.0500076
internal_weight=7.11077 0.00805871 7.10272 0.548505 0.324313 6.55421 3.44187 0.224192 0.0589959 0.0783064 0.0065382
internal_count=21535 107 21428 905 516 20523 54 389 388 515 63
is_linear=0
shrinkage=0.05


Tree=5
num_leaves=13
num_cat=0
split_feature=21 3 15 43 7 9 43 15 4 4 46 46
split_gain=7870.43 29763 1.23361 0.878336 0.568815 0.21208 0.0194405 0.010183 0.00254303 4.44089e-16 6.93889e-18 1.73472e-18
threshold=0.61663539712320214 18.500000000000004 1.0000000180025095e-35 36.500000000000007 96.464019851116646 0.93750000000000011 20.500000000000004 0.30242329489935516 94.028520499108751 54.085850556438807 55.249388888888895 51.05275370169737
decision_type=2 2 2 2 2 2 2 2 2 2 2 2
left_child=2 -2 3 8 -5 9 7 -7 10 -4 11 -1
right_child=1 -3 5 4 -6 6 -8 -9 -10 -11 -12 -13
leaf_value=-0.050007233871959725 -268.91873915917631 -0.050007233871976656 -0.05000723387198678 -0.050007233871986162 0.10749455112983491 -0.062325702450585066 -0.07385882103069924 -0.069064473916218963 -0.062386296775587574 -0.0500072338719868 -0.05000723387198578 -0.050007233871971792
leaf_weight=0.0049176446627824388 0.0013017504768714208 0.0049176446627825499 1.2955100954277443 0.07448785298038274 0.24878476560115814 1.1105646193027503 1.0934176749015021 1.1320445116820392 0.15912304818630219 1.6650566281750796 0.047874717158265412 0.0033266419777646661
leaf_count=34 57 50 8957 515 1 7 10 37 1 11512 331 23
internal_value=-0.104692 -56.3256 -0.053536 0.0190981 0.0712033 -0.059748 -0.0683925 -0.0657274 -0.0591588 -0.0500072 -0.0500072 -0.0500072
internal_weight=6.84133 0.0062194 6.83511 0.538515 0.323273 6.29659 3.33603 2.24261 0.215242 2.96057 0.056119 0.00824429
internal_count=21535 107 21428 905 516 20523 54 44 389 20469 388 57
is_linear=0
shrinkage=0.05


Tree=6
num_leaves=14
num_cat=0
split_feature=21 25 17 23 9 9 23 4 4 4 4 4 4
split_gain=1307.28 6868.55 1.17053 0.80769 0.507781 0.177591 0.0367971 0.00214177 4.44089e-16 5.55112e-17 2.77556e-17 8.67362e-19 8.67362e-19
threshold=0.61237244897959198 0.35780974465332582 1.0000000180025095e-35 36.500000000000007 0.93750000000000011 0.93750000000000011 32.500000000000007 94.028520499108751 74.601568429041251 87.73720014321519 80.576285240464358 57.002801120448183 85.847797062750359
decision_type=2 2 2 2 2 2 2 2 2 2 2 2 2
left_child=2 11 3 7 10 8 -7 -1 -4 -10 -5 -2 -12
right_child=1 -3 5 4 -6 6 -8 -9 9 -11 12 -13 -14
leaf_value=-0.050006880198555037 -0.050006880198545781 136.23082841914717 -0.050006880198555842 -0.050006880198555072 0.10163478831148465 -0.061545521809471607 -0.072238041723744692 -0.061637174612103676 -0.050006880198555752 -0.050006880198555009 -0.050006880198544525 -0.050006880198519524 -0.050006880198540729
leaf_weight=0.053382414218503871 0.0044026733376084639 0.001100668334402144 2.3906516223214571 0.063150845686323009 0.24993531405925751 1.5240009113959732 1.7046036045295521 0.15315531194210052 0.36555947056331195 0.057785087556112558 0.004402673337608575 0.0013758354180026799 0.0033020050032064319
leaf_count=388 47 28 17376 459 1 29 25 1 2657 420 32 48 24
internal_value=-0.0301433 21.7549 -0.0529538 0.0184881 0.0681405 -0.0591884 -0.0671908 -0.0586312 -0.0500069 -0.0500069 -0.0500069 -0.0500069 -0.0500069
internal_weight=6.57681 0.00687918 6.56993 0.527329 0.320791 6.0426 3.2286 0.206538 2.814 0.423345 0.0708555 0.00577851 0.00770468
internal_count=21535 123 21412 905 516 20507 54 389 20453 3077 515 95 56
is_linear=0
shrinkage=0.05


Tree=7
num_leaves=16
num_cat=0
split_feature=17 4 22 15 15 4 24 42 1 23 7 9 23 3 3
split_gain=1964.87 12724.8 2480.53 1165.66 162.635 425.19 159.123 535.443 1.11107 0.745188 0.456578 0.148193 0.0300648 0.00180615 4.44089e-16
threshold=0.54487917146145004 42.644808743169406 0.19139194139194141 0.53144778481012667 0.54787775891341262 47.958333333333336 0.14371653339831983 0.6906926406926408 1.0000000180025095e-35 36.500000000000007 96.464019851116646 0.93750000000000011 32.500000000000007 2.5000000000000004 45.500000000000007
decision_type=2 2 2 2 2 2 2 2 2 2 2 2 2 2 2
left_child=4 -2 3 -3 6 -6 8 -8 11 13 -11 14 -13 -10 -1
right_child=1 2 -4 -5 5 -7 7 -9 9 10 -12 12 -14 -15 -16
leaf_value=-0.050006543528977966 -146.9906925687238 -0.050006543528970326 50.889431278539263 -40.265352192534479 -29.438143748567924 -0.050006543528966753 34.68142833515018 -0.050006543528967662 -0.060941549146887479 -0.050006543528977258 0.096644762381321567 -0.060856379297126686 -0.070688280788514288 -0.050006543528977015 -0.050006543528975857
leaf_weight=2.6363332434557383 0.0017013667675199731 0.0065437183366157149 0.0019631155009847126 0.0024866129679139704 0.0017013667675199731 0.0044497284688986838 0.0014396180340553446 0.0048423515690956265 0.14730647206306446 0.067400298867141828 0.24969868361949921 1.4656730436451542 1.6561056362376119 0.050779254292137921 0.020809024310437851
leaf_count=20174 19 52 27 29 15 40 24 37 1 515 1 29 25 388 159
internal_value=-0.0919651 -19.7431 -0.0500065 -11.1238 -0.0524081 -8.17864 -0.0444744 7.90928 -0.0524129 0.0179455 0.0654736 -0.0586852 -0.0660722 -0.0581384 -0.0500065
internal_weight=6.31923 0.0126948 0.0109934 0.00903033 6.30654 0.0061511 6.30039 0.00628197 6.29411 0.515185 0.317099 5.77892 3.12178 0.198086 2.65714
internal_count=21535 127 108 81 21408 55 21353 61 21292 905 516 20387 54 389 20333
is_linear=0
shrinkage=0.05


Tree=8
num_leaves=15
num_cat=0
split_feature=24 16 17 24 42 23 9 9 23 4 17 4 4 4
split_gain=47904.2 165095 11164.6 40233 1.05411 0.689481 0.413038 0.124438 0.024649 0.00152495 8.88178e-16 5.55112e-17 6.93889e-18 8.67362e-19
threshold=0.13591125533013124 0.53863375430539617 0.54487917146145004 0.09777188710625577 1.0000000180025095e-35 36.500000000000007 0.93750000000000011 0.93750000000000011 32.500000000000007 94.028520499108751 0.43046765119549935 88.998899889989005 81.86147186147187 60.397012578616362
decision_type=2 2 2 2 2 2 2 2 2 2 2 2 2 2
left_child=2 -2 4 13 5 9 -7 10 -9 12 -6 -12 -1 -4
right_child=1 -3 3 -5 7 6 -8 8 -10 -11 11 -13 -14 -15
leaf_value=-0.050006230240467998 -0.050006230240488836 -591.99856612522694 -0.050006230234075327 -321.35497035700587 -0.050006230240465056 -0.050006230240464293 0.092347776100843104 -0.060215407815993396 -0.069276372590613602 -0.060294665223285443 -0.050006230240464848 -0.050006230240450734 -0.050006230240446828 -0.050006230240434171
leaf_weight=0.045564188651041948 0.005228677386185222 0.0015204023846864681 0.0028633262529077488 0.0012449231871869415 2.2383718905621208 0.064113544140127487 0.24828343093395233 1.4086546116145089 1.6066201306990704 0.14158734679222107 0.28857319478993337 0.0034857849241234353 0.0027388310118112704 0.001618400143343024
leaf_count=366 42 68 41 25 18002 515 1 29 25 1 2343 29 22 26
internal_value=-0.266401 -133.402 -0.117973 -69.8989 -0.0519 0.01746 0.0631323 -0.0581821 -0.0650433 -0.0576776 -0.0500062 -0.0500062 -0.0500062 -0.0500062
internal_weight=6.06047 0.00674908 6.05372 0.00572665 6.04799 0.502287 0.312397 5.54571 3.01527 0.18989 2.53043 0.292059 0.048303 0.00448173
internal_count=21535 110 21425 92 21333 905 516 20428 54 389 20374 2372 388 67
is_linear=0
shrinkage=0.05


Tree=9
num_leaves=18
num_cat=0
split_feature=21 5 1 23 9 9 23 3 12 17 17 17 17 3 5 12 3
split_gain=1650.79 6792.25 1.00016 0.639514 0.375584 0.104682 0.0202728 0.00128897 4.44089e-16 4.44089e-16 2.22045e-16 1.11022e-16 1.11022e-16 6.93889e-18 6.93889e-18 3.46945e-18 8.67362e-19
threshold=0.60075187969924826 0.62095088819226762 1.0000000180025095e-35 36.500000000000007 0.93750000000000011 0.93750000000000011 32.500000000000007 2.5000000000000004 2.5000000000000004 0.39182223460573984 0.38796924468566268 0.47387914230019501 0.55395010395010413 36.500000000000007 0.72646822204344341 3.5000000000000004 27.500000000000004
decision_type=2 2 2 2 2 2 2 2 2 2 2 2 2 2 2 2 2
left_child=2 16 5 7 14 8 -7 -4 9 10 -1 -10 -11 -9 -5 -13 -2
right_child=1 -3 3 4 -6 6 -8 13 11 12 -12 15 -14 -15 -16 -17 -18
leaf_value=-0.050005922932328251 -0.05000592293230665 140.69024661586042 -0.059692295050535096 -0.050005922932327265 0.08861219344258503 -0.059618441308121023 -0.067986193629563013 -0.05000592293232712 -0.050005922932328098 -0.050005922932328188 -0.050005922932327133 -0.050005922932323754 -0.050005922932307191 -0.050005922932313221 -0.050005922932324191 -0.050005922932319494 -0.05000592291965035
leaf_weight=1.4314786497270686 0.0030789580487183008 0.0010657931707100943 0.13600662350654591 0.048789642925839871 0.24587111175060272 1.3530298195189234 1.5565237367308098 0.042631726828403771 0.35786966243176754 0.55456771315948583 0.047842271218542121 0.01101319609733762 0.0023684292682446531 0.0033158009755425146 0.012197410731459968 0.0056842302437871894 0.0013026388773692259
leaf_count=12089 60 64 1 412 1 29 25 360 3023 4708 404 96 48 28 103 56 28
internal_value=-0.025624 27.4861 -0.0514223 0.0170234 0.0610623 -0.0577108 -0.0640949 -0.0572463 -0.0500059 -0.0500059 -0.0500059 -0.0500059 -0.0500059 -0.0500059 -0.0500059 -0.0500059 -0.0500059
internal_weight=5.81464 0.00544739 5.80919 0.488812 0.306858 5.32038 2.90955 0.181954 2.41082 2.03626 1.47932 0.374567 0.556936 0.0459475 0.0609871 0.0166974 0.0043816
internal_count=21535 152 21383 905 516 20478 54 389 20424 17249 12493 3175 4756 388 515 152 88
is_linear=0
shrinkage=0.05


Tree=10
num_leaves=19
num_cat=0
split_feature=21 7 1 23 7 46 23 3 3 23 15 3 3 4 3 3 3 11
split_gain=10318.2 52797.6 0.949192 0.594448 0.343044 0.0831932 0.0157574 0.00109064 0.000845671 0.00386299 0.000110051 0.00066056 4.44089e-16 2.77556e-17 6.93889e-18 6.93889e-18 6.93889e-18 8.67362e-19
threshold=0.59417229729729737 63.676588897827841 1.0000000180025095e-35 36.500000000000007 96.464019851116646 90.382793709528229 32.500000000000007 2.5000000000000004 1.0000000180025095e-35 33.500000000000007 0.30960061443932418 1.0000000180025095e-35 7.5000000000000009 87.439320388349529 37.500000000000007 27.500000000000004 36.500000000000007 0.8119103773584907
decision_type=2 2 2 2 2 2 2 2 2 2 2 2 2 2 2 2 2 2
left_child=2 17 5 7 14 12 10 -4 -8 -10 -7 -12 13 -1 15 -5 -9 -2
right_child=1 -3 3 4 -6 6 8 16 9 -11 11 -13 -14 -15 -16 -17 -18 -19
leaf_value=-0.050005632335236076 -0.050005632331564277 -394.59753902687476 -0.059130665906455049 -0.050005632335235486 0.08533789633816187 -0.059049719177573824 -0.066800961016940219 -0.050005632335235362 -0.066587670539189181 -0.050005632210902477 -0.059036863766263992 -0.050005632274926007 -0.050005632335236576 -0.050005632335234342 -0.050005632335214413 -0.05000563233523192 -0.050005632335220755 -0.050005632335191313
leaf_weight=0.12886772857746143 0.0040552808162626786 0.0010138195430045016 0.13057108223438252 0.045058646355755627 0.24262012541294098 1.1711304928248867 1.3177519615888966 0.040552781720180064 0.19109243265120301 0.043031961230781235 0.12964848758957703 0.023993986605859163 2.0685298075768515 0.022191383330209646 0.0022529323177877805 0.010701428509491961 0.003154105244902893 0.0011264661588939297
leaf_count=1147 79 67 1 400 1 26 22 360 25 385 19 215 18421 197 20 95 28 27
internal_value=-0.122696 -64.6123 -0.0509781 0.0166292 0.0592207 -0.0572783 -0.0628899 -0.0568422 -0.066309 -0.0635399 -0.0588847 -0.0576265 -0.0500056 -0.0500056 -0.0500056 -0.0500056 -0.0500056 -0.0500056
internal_weight=5.57734 0.00619557 5.57115 0.474911 0.300633 5.09624 2.87665 0.174278 1.55188 0.234124 1.32477 0.153642 2.21959 0.151059 0.058013 0.0557601 0.0437069 0.00518175
internal_count=21535 173 21362 905 516 20457 692 389 432 410 260 234 19765 1344 515 495 388 106
is_linear=0
shrinkage=0.05


Tree=11
num_leaves=17
num_cat=0
split_feature=21 4 1 23 7 9 23 3 46 23 23 3 3 4 4 3
split_gain=1824.29 6573.27 0.900872 0.55361 0.314529 0.0742367 0.0138319 0.000923736 8.88178e-16 8.18789e-16 6.3248e-15 6.93889e-18 6.93889e-18 6.93889e-18 6.93889e-18 8.67362e-19
threshold=0.59417229729729737 59.491634491634493 1.0000000180025095e-35 36.500000000000007 96.464019851116646 0.93750000000000011 32.500000000000007 2.5000000000000004 90.382793709528229 33.500000000000007 32.500000000000007 37.500000000000007 36.500000000000007 68.77500000000002 71.819765994523294 24.500000000000004
decision_type=2 2 2 2 2 2 2 2 2 2 2 2 2 2 2 2
left_child=2 15 5 7 11 8 -7 -4 -1 10 -10 13 -9 -5 -11 -2
right_child=1 -3 3 4 -6 6 -8 12 9 14 -12 -13 -14 -15 -16 -17
leaf_value=-0.050005357490613835 -0.050005357490582783 139.93628802752789 -0.058606421281591707 -0.050005357490612572 0.082447332163061493 -0.058542179923726123 -0.065718615263514413 -0.050005357490612572 -0.050005354026346371 -0.05000535749060845 -0.050005271004883001 -0.050005357490590555 -0.050005357490597216 -0.050005357490610414 -0.050005357490612294 -0.050005357482724756
leaf_weight=2.1113495675381277 0.0021430669585245266 0.0010715334792621434 0.12528586387634266 0.038575205253437161 0.23866885900497437 1.246219379322014 1.4557770309729106 0.038575205253437161 0.024628873012261354 0.009215187921654433 0.0025293971411883822 0.0021430669585242859 0.0030002937419340006 0.014465701970038936 0.031717390986159444 0.0017144560820888479
leaf_count=19765 47 86 1 360 1 29 25 360 231 86 24 20 28 135 297 40
internal_value=-0.0225098 30.3818 -0.050563 0.0162716 0.0575734 -0.0568709 -0.0624087 -0.0564634 -0.0500054 -0.0500054 -0.0500053 -0.0500054 -0.0500054 -0.0500054 -0.0500054 -0.0500054
internal_weight=5.34708 0.00492906 5.34215 0.460714 0.293853 4.88144 2.702 0.166861 2.17944 0.0680908 0.0271583 0.055184 0.0415755 0.0530409 0.0409326 0.00385752
internal_count=21535 173 21362 905 516 20457 54 389 20403 638 255 515 388 495 383 87
is_linear=0
shrinkage=0.05


Tree=12
num_leaves=16
num_cat=0
split_feature=21 4 1 23 7 9 23 3 4 19 6 23 3 3 4
split_gain=12532.9 49934.5 0.855101 0.516447 0.289351 0.06263 0.0114683 0.000783083 4.44089e-16 9.71445e-17 1.29237e-16 1.38778e-17 6.93889e-18 6.93889e-18 8.67362e-19
threshold=0.58885448916408689 57.002801120448183 1.0000000180025095e-35 36.500000000000007 96.464019851116646 0.93750000000000011 32.500000000000007 2.5000000000000004 85.847797062750359 0.31101010101010113 89.932432432432435 37.500000000000007 7.5000000000000009 32.500000000000007 51.818783068783077
decision_type=2 2 2 2 2 2 2 2 2 2 2 2 2 2 2
left_child=2 14 5 7 12 8 -7 -4 -1 10 -10 -11 -5 -9 -2
right_child=1 -3 3 4 -6 6 -8 13 9 11 -12 -13 -14 -15 -16
leaf_value=-0.050005096665472329 -0.050005096766907245 -390.549509038076 -0.058116524636801829 -0.050005096771184046 0.079879441892907688 -0.058056464130927882 -0.064718832983850755 -0.050005096771193996 -0.050005096771177295 -0.050005095440383188 -0.050005079686783138 -0.050005096771194336 -0.050005096771194413 -0.050005096771186024 -0.05000509677115457
leaf_weight=2.0035540076132752 0.0028539846304517138 0.0010243290889775459 0.1201546937227248 0.0043829012938658698 0.23413829505443573 1.195106562248853 1.4056239888999753 0.03424778685439378 0.0024462704895994438 0.018953409497044049 0.0020313778150011785 0.044950220246391837 0.048109986295457929 0.0053002527274657032 0.0012231352447997779
leaf_count=19713 65 101 1 43 1 29 25 336 24 186 20 443 472 52 24
internal_value=-0.128237 -78.4591 -0.0501746 0.0159462 0.0560927 -0.0564905 -0.0616573 -0.0561078 -0.0500051 -0.0500051 -0.0500051 -0.0500051 -0.0500051 -0.0500051 -0.0500051
internal_weight=5.1241 0.00510145 5.119 0.446334 0.286631 4.67267 2.60073 0.159703 2.07194 0.0683813 0.00447765 0.0639036 0.0524929 0.039548 0.00407712
internal_count=21535 190 21345 905 516 20440 54 389 20386 673 44 629 515 388 89
is_linear=0
shrinkage=0.05


Tree=13
num_leaves=18
num_cat=0
split_feature=22 7 1 23 7 9 23 4 6 21 18 18 23 4 4 18 4
split_gain=1818.23 6618.49 0.811721 0.482504 0.266971 0.0529008 0.00953033 0.000664413 2.22045e-16 4.75314e-16 2.22045e-16 2.22045e-16 9.36751e-17 6.93889e-18 6.93889e-18 3.46945e-18 4.33681e-19
threshold=0.19139194139194141 65.956723688682459 1.0000000180025095e-35 36.500000000000007 96.464019851116646 0.93750000000000011 32.500000000000007 94.028520499108751 93.844696969696983 0.33436853002070399 0.53512155736969602 0.50811190037709386 33.500000000000007 82.124060150375954 80.576285240464358 0.62028634805404326 51.191151446398194
decision_type=2 2 2 2 2 2 2 2 2 2 2 2 2 2 2 2 2
left_child=2 16 5 7 14 8 -7 13 10 -10 11 -1 -11 -4 -5 -12 -2
right_child=1 -3 3 4 -6 6 -8 -9 9 12 15 -13 -14 -15 -16 -17 -18
leaf_value=-0.05000484771831603 -0.050004847770595162 140.59294216329724 -0.050004847770620864 -0.050004847770620989 0.07758553168011223 -0.057602054980501208 -0.063796426292946365 -0.05765826075627916 -0.050004817820840444 -0.050004840343755609 -0.050004847770069617 -0.050004846967621967 -0.050004847770616249 -0.050004847770596342 -0.050004847770612905 -0.050004847770593476 -0.050004847770599686
leaf_weight=1.9026678846348655 0.0016482744904350302 0.0010665305526345037 0.035680294851772376 0.044503411241748836 0.22913417220115662 1.1455610662060425 1.3559099280204803 0.11518003046512604 0.0019265090159022993 0.0080344016387243755 0.020070168130008059 0.026852395909372828 0.0085322444210760295 0.0019391464593354604 0.0054296100861392907 0.0017452318134019143 0.0022300184282357804
leaf_count=19667 23 29 368 459 1 29 25 1 20 83 281 301 88 20 56 48 36
internal_value=-0.0192495 30.2847 -0.049811 0.0156492 0.054756 -0.0561335 -0.0609597 -0.055774 -0.0500048 -0.0500048 -0.0500048 -0.0500048 -0.0500048 -0.0500048 -0.0500048 -0.0500048 -0.0500048
internal_weight=4.90811 0.00494482 4.90317 0.431867 0.279067 4.4713 2.50147 0.152799 1.96983 0.0184932 1.95134 1.92952 0.0165666 0.0376194 0.049933 0.0218154 0.00387829
internal_count=21535 88 21447 905 516 20542 54 389 20488 191 20297 19968 171 388 515 329 59
is_linear=0
shrinkage=0.05


Tree=14
num_leaves=20
num_cat=0
split_feature=24 24 9 4 18 4 15 23 7 9 23 4 15 4 4 4 15 4 4
split_gain=3370.73 14606.8 40124.6 7821.91 200.596 784.9 0.7708 0.4514 0.246963 0.0445324 0.0079367 0.000564178 6.66134e-16 2.22045e-16 6.93889e-18 6.93889e-18 2.60209e-18 8.67362e-19 8.67362e-19
threshold=0.10373446799464521 0.11893286740340762 0.38750000000000007 80.972058244785529 0.57043650793650802 71.040334481062487 1.0000000180025095e-35 36.500000000000007 96.464019851116646 0.93750000000000011 32.500000000000007 94.028520499108751 0.41039136302294205 82.404540763673893 81.517439769866982 84.764185703758301 0.49444375848870237 48.170459616242759 61.610352264557882
decision_type=2 2 2 2 2 2 2 2 2 2 2 2 2 2 2 2 2 2 2
left_child=4 2 -2 16 6 18 7 11 15 12 -11 14 13 -8 -1 -9 17 -3 -6
right_child=1 3 -4 -5 5 -7 9 8 -10 10 -12 -13 -14 -15 -16 -17 -18 -19 -20
leaf_value=-0.050004611123700207 -0.050004611123692325 -0.050004611123656874 -285.38070383581334 147.80317589615416 -0.050004611120078923 -49.334398113549589 -0.050004611048563144 -0.050004611123701727 0.075526208321833807 -0.057176538318983186 -0.062943759783772521 -0.057229190378014896 -0.05000461107002533 -0.050004610174346466 -0.050004611123679293 -0.050004611123685365 -0.050004611123681153 -0.050004611123690791 -0.050004611123661141
leaf_weight=0.033663616231933591 0.0041503088505122467 0.0011067490268033015 0.0017523526257718913 0.0010145199412363581 0.0027668747318870804 0.0010145199412363581 1.5014642755559173 0.044638877414399758 0.22374892234802246 1.0975953696101615 1.3068080259102712 0.11036323755979538 0.25454924325458717 0.1019831304656692 0.0021212689680396571 0.0028591016525751902 0.0023057271391735568 0.0041503088505123742 0.0011989781123702414
leaf_count=365 51 16 37 19 48 28 16285 484 1 29 25 1 2821 1108 23 31 71 68 24
internal_value=-0.134591 -24.2213 -84.7576 17.438 -0.0601419 -10.0894 -0.0494684 0.0153772 0.0535445 -0.0558184 -0.0603111 -0.0554602 -0.0500046 -0.0500046 -0.0500046 -0.0500046 -0.0500046 -0.0500046 -0.0500046
internal_weight=4.69926 0.01448 0.00590266 0.0085773 4.68478 0.00498037 4.6798 0.417395 0.271247 4.2624 2.4044 0.146148 1.858 1.60345 0.0357849 0.047498 0.00756279 0.00525706 0.00396585
internal_count=21535 262 88 174 21273 100 21173 905 516 20268 54 389 20214 17393 388 515 155 84 72
is_linear=0
shrinkage=0.05


Tree=15
num_leaves=20
num_cat=0
split_feature=25 5 5 22 16 1 23 7 9 23 5 15 5 5 5 5 5 5 5
split_gain=4541.85 38481.5 872.329 172.558 497.749 0.731836 0.422814 0.228981 0.0376445 0.00662259 0.000479423 4.44089e-16 2.22045e-16 1.21431e-17 6.93889e-18 6.93889e-18 1.73472e-18 1.73472e-18 4.33681e-19
threshold=0.21686305809725429 0.77836257309941537 0.74310998735777511 0.15192307692307697 0.48497743391360421 1.0000000180025095e-35 36.500000000000007 96.464019851116646 0.93750000000000011 32.500000000000007 0.94028520499108736 0.47910604120591321 0.64038834951456314 0.46894290123456794 0.81861471861471868 0.54446640316205541 0.69604037267080754 0.65545505935556825 0.5603738317757011
decision_type=2 2 2 2 2 2 2 2 2 2 2 2 2 2 2 2 2 2 2
left_child=3 2 16 5 -5 8 10 -8 11 -10 14 12 -1 -6 -7 -13 17 -2 -15
right_child=1 -3 -4 4 13 6 7 -9 9 -11 -12 15 -14 18 -16 -17 -18 -19 -20
leaf_value=-0.050004387195372917 -0.050004387232649661 -306.93073902002288 -47.543451413733244 -33.574790523598224 -0.050004381142024858 -0.05000438723366285 -0.050004387233663128 0.073669315844169428 -0.056777720460258418 -0.062154149501717486 -0.056827085171664883 -0.050004387233661088 -0.050004386949376624 -0.050004387233634234 -0.050004387233638349 -0.050004387233661407 -0.050004387233616693 -0.050004387233637065 -0.050004387233632569
leaf_weight=1.1707654546044062 0.0089486050057628885 0.0011405082186684021 0.0010527768172323712 0.0014914338244124128 0.0010513343077036552 0.032109692925587185 0.045181671739555895 0.21806323528289795 1.0512127718870945 1.2584640871760653 0.10570476204156876 0.017634011688642315 0.55635604242706915 0.0016668966272845864 0.0019300908315926782 0.017721743090078235 0.0010527768172323712 0.001842359430156649 0.0015791652258485556
leaf_count=13355 175 52 22 19 13 366 515 1 29 25 1 222 6363 21 22 232 36 35 31
internal_value=-0.149263 -28.5461 -3.92702 -0.0603064 -8.68733 -0.0491469 0.0151276 0.0524428 -0.0555077 -0.0597072 -0.0551652 -0.0500044 -0.0500044 -0.0500044 -0.0500044 -0.0500044 -0.0500044 -0.0500044 -0.0500044
internal_weight=4.49497 0.014037 0.0128965 4.48093 0.00578883 4.47514 0.402989 0.263245 4.07215 2.30968 0.139745 1.76248 1.72712 0.0042974 0.0340398 0.0353558 0.0118437 0.010791 0.00324606
internal_count=21535 320 268 21215 84 21131 905 516 20226 54 389 20172 19718 65 388 454 246 210 52
is_linear=0
shrinkage=0.05


Tree=16
num_leaves=17
num_cat=0
split_feature=25 22 22 4 1 23 9 9 23 3 18 3 17 4 3 3
split_gain=1828.44 7159.21 684.052 3309.37 0.694789 0.396474 0.212745 0.0319518 0.0055362 0.000407687 4.44089e-16 2.22045e-16 2.22045e-16 9.54098e-18 6.93889e-18 8.67362e-19
threshold=0.25827927329266415 0.18350168350168353 0.15192307692307697 62.547709923664122 1.0000000180025095e-35 36.500000000000007 0.93750000000000011 0.93750000000000011 32.500000000000007 2.5000000000000004 0.39141936968023933 46.500000000000007 0.50694578429481008 46.076923076923087 35.500000000000007 18.500000000000004
decision_type=2 2 2 2 2 2 2 2 2 2 2 2 2 2 2 2
left_child=2 15 4 13 7 9 14 10 -9 -6 11 -1 -12 -4 -7 -2
right_child=1 -3 3 -5 5 6 -8 8 -10 -11 12 -13 -14 -15 -16 -17
leaf_value=-0.050004171764397712 -0.050004171861840821 149.73482613608996 -0.050004166736697137 -99.906557710385513 -0.056449937946325468 -0.050004171861875869 0.071988294140896053 -0.056403619308698777 -0.061421723102222964 -0.050004171861875571 -0.050004171742055264 -0.050004171861869097 -0.05000417153405088 -0.050004171861863789 -0.050004171861858973 -0.050004171857936201
leaf_weight=1.1474514869769334 0.0018359669629720568 0.0010014365252573043 0.0010835173889059925 0.0010014365252584154 0.10120423138141621 0.040224367097835056 0.21214742958545685 1.0064086079023016 1.2109994491130178 0.032379780983319506 0.50979955041839276 0.0069266026330297983 0.016939595705480426 0.0037553869697148938 0.002753950444457586 0.002086328053132025
leaf_count=13755 85 47 20 41 1 482 1 29 25 388 6180 83 251 64 33 50
internal_value=-0.0372166 30.4147 -0.0721419 -17.1723 -0.048847 0.0148978 0.0514375 -0.0552028 -0.0591442 -0.0548875 -0.0500042 -0.0500042 -0.0500042 -0.0500042 -0.0500042 -0.0500042
internal_weight=4.298 0.00492373 4.29308 0.00584034 4.28724 0.38871 0.255126 3.89853 2.21741 0.133584 1.68112 1.15438 0.526739 0.0048389 0.0429783 0.0039223
internal_count=21535 182 21353 125 21228 905 516 20323 54 389 20269 13838 6431 84 515 135
is_linear=0
shrinkage=0.05


Tree=17
num_leaves=21
num_cat=0
split_feature=18 28 23 9 3 22 4 22 4 1 23 7 9 23 3 15 6 3 3 3
split_gain=3647.21 27872 95604 4105.39 139.857 218.587 689.073 44.0421 106.849 0.659739 0.372145 0.198024 0.0270811 0.00463593 0.000346915 4.44089e-16 2.22045e-16 1.11022e-16 6.93889e-18 3.46945e-18
threshold=0.55395010395010413 1.0000000180025095e-35 54.500000000000007 0.36931818181818188 12.500000000000002 0.19139194139194141 59.675307672165495 0.15192307692307697 81.86147186147187 1.0000000180025095e-35 36.500000000000007 96.464019851116646 0.93750000000000011 32.500000000000007 2.5000000000000004 0.36856806821523092 93.844696969696983 38.500000000000007 37.500000000000007 33.500000000000007
decision_type=2 2 2 2 2 2 2 2 2 2 2 2 2 2 2 2 2 2 2 2
left_child=7 4 3 -3 -2 6 -6 9 -9 12 14 18 15 -14 -11 16 -1 -17 -12 -16
right_child=1 2 -4 -5 5 -7 -8 8 -10 10 11 -13 13 -15 19 17 -18 -19 -20 -21
leaf_value=-0.05000396864574333 3.8760639396310808 -30.043117256515572 -528.32908289781017 96.850823576491322 -0.050003968702770768 -0.050645209452925458 -48.50041774130414 -0.050527715653955342 -7.702595152809967 -0.056095928381318633 -0.05000396870570023 0.070461029528795599 -0.056052432445254707 -0.060741298540205935 -0.050003968705699654 -0.050003968649520204 -0.050003961867724357 -0.050003968705699023 -0.050003968705670032 -0.050003968705688108
leaf_weight=1.0326007807670974 0.012733308758470105 0.0016670493496349212 0.0011357587027305271 0.0010319829307263717 0.0025402675389383225 0.01273330875847023 0.0010319829307263717 0.015589802373142336 0.0064491815865039817 0.096860580146312603 0.039294734669965692 0.20606274902820587 0.96317146239283635 1.1645140512852092 0.027069706105976366 0.53463870979612704 0.009588258239091485 0.020163358800346032 0.0015876660472713402 0.0037310152110876507
leaf_count=13016 37 47 48 40 51 13 30 75 8 1 495 1 29 25 341 6833 121 257 20 47
internal_value=-0.192865 -16.7811 -143.473 18.4752 -0.0505663 -3.11694 -14.0468 -0.0605485 -2.28972 -0.0485638 0.014686 0.0505177 -0.0549251 -0.0586187 -0.0546261 -0.050004 -0.050004 -0.050004 -0.050004 -0.050004
internal_weight=4.1542 0.0328737 0.00383479 0.00269903 0.0290389 0.0163056 0.00357225 4.12132 0.022039 4.09928 0.374606 0.246945 3.72468 2.12769 0.127661 1.59699 1.04219 0.554802 0.0408824 0.0308007
internal_count=21535 266 135 87 131 94 81 21269 83 21186 905 516 20281 54 389 20227 13137 7090 515 388
is_linear=0
shrinkage=0.05


Tree=18
num_leaves=13
num_cat=0
split_feature=17 9 21 24 24 17 21 7 1 15 3 42
split_gain=26912.9 74769.6 218.29 728.893 184.486 71.8477 5.90257 395.074 0.662446 1.73472e-18 4.33681e-19 4.33681e-19
threshold=0.52479508196721325 0.32051282051282054 0.58247782318349461 0.072809105350164896 0.13392627418244371 0.51875293014533541 0.48803389442345141 83.752357008170975 1.0000000180025095e-35 0.49137674695212613 24.500000000000004 0.79777145566619267
decision_type=2 2 2 2 2 2 2 2 2 2 2 2
left_child=2 9 4 11 5 6 8 -8 -1 10 -2 -4
right_child=1 -3 3 -5 -6 -7 7 -9 -10 -11 -12 -13
leaf_value=-0.056496978669918978 -0.050003776985306496 -391.33686070841253 -0.050003777114387762 47.24969377062618 -9.3335260514157152 -3.6776882690776418 -0.051296554028773193 -20.111132810925554 0.014490226925772152 -0.05000377711015163 -0.050003777114369208 -0.050003777114361853
leaf_weight=3.6960938193997066 0.0016612249019092745 0.0016611853643561207 0.0024163846392182527 0.0010570892118266853 0.0053859636318519524 0.013784933061742666 0.16151091291749242 0.0024923821542586202 0.3607218692995956 0.0015857541919099133 0.0013592163595603922 0.0011326802996337263
leaf_count=18730 36 103 63 60 44 31 1391 43 905 68 25 36
internal_value=-0.226662 -103.762 -0.0737874 10.805 -0.0856057 -0.0738434 -0.0620734 -0.356149 -0.050185 -0.0500038 -0.0500038 -0.0500038
internal_weight=4.25086 0.00626738 4.2446 0.00460615 4.23999 4.2346 4.22082 0.164003 4.05682 0.0046062 0.00302044 0.00354906
internal_count=21535 232 21303 159 21144 21100 21069 1434 19635 129 61 99
is_linear=0
shrinkage=0.05


Tree=19
num_leaves=20
num_cat=0
split_feature=21 24 17 42 21 7 15 1 23 7 18 9 5 24 11 17 22 10 25
split_gain=31923.3 104515 216.462 761.76 25.1344 1613.88 2342.83 0.641968 0.34863 0.185816 0.0546525 0.0187781 0.000308283 0.000152545 3.87392e-12 9.38485e-16 9.71445e-17 4.33681e-19 4.33681e-19
threshold=0.58247782318349461 0.070788462628094295 0.51875293014533541 0.76882591093117425 0.48803389442345141 80.874970117140819 0.42128864762803875 1.0000000180025095e-35 36.500000000000007 96.464019851116646 0.58086312118570194 0.93750000000000011 0.94028520499108736 0.13056818088633382 0.85584415584415596 0.53536519664434701 0.15192307692307697 18.500000000000004 0.14152728386146651
decision_type=2 2 2 2 2 2 2 2 2 2 2 2 2 2 2 2 2 2 2
left_child=2 17 4 -4 7 13 -7 10 12 -10 11 -1 -9 16 15 -5 -6 18 -2
right_child=1 -3 3 14 5 6 -8 8 9 -11 -12 -13 -14 -15 -16 -17 -18 -19 -20
leaf_value=-0.050008497374706244 -0.050003590901353812 -568.80351628826691 -49.022264230521493 -0.050003530034185853 -0.050003585313034039 -99.620435691634128 -0.050003585403199685 -0.050003832000536409 -0.050003832000536645 0.068794623549639319 -0.079594966456247432 -0.057688730167199824 -0.055847503597456209 -0.053267301585968187 -0.050007187983126124 -0.050003590901374587 -0.050003572632877351 -0.050003590901368536 -0.050003590901374066
leaf_weight=1.340816585852374 0.0011492721969265634 0.0010548640364035355 0.0010209861520207725 0.0013158431456759066 0.09174891764268997 0.0010043142114037544 0.0014347345892717143 0.029726232052780577 0.039456210070056841 0.19856129586696625 0.23356978595256794 1.9582056225789448 0.093741752207279205 0.058112614573345489 0.0010358495762830058 0.0012211017092341166 0.0015083876246535779 0.0010774426846183278 0.0012211017092340817
leaf_count=18689 38 100 48 49 1299 28 55 388 515 1 6 51 1 30 41 60 50 30 56
internal_value=-0.234642 -133.295 -0.0867998 -10.9343 -0.0744895 -0.701394 -41.0496 -0.0497279 0.0137359 0.0491014 -0.0562221 -0.0545673 -0.0544406 -0.0512566 -0.0500046 -0.0500036 -0.0500036 -0.0500036 -0.0500036
internal_weight=4.05698 0.00450268 4.05248 0.00459378 4.04789 0.153809 0.00243905 3.89408 0.361485 0.238018 3.53259 3.29902 0.123468 0.15137 0.00357279 0.00253694 0.0932573 0.00344782 0.00237037
internal_count=21535 224 21311 198 21113 1462 83 19651 905 516 18746 18740 389 1379 150 109 1349 124 94
is_linear=0
shrinkage=0.05


Tree=20
num_leaves=21
num_cat=0
split_feature=21 41 21 18 24 15 23 7 25 9 23 4 24 25 18 25 4 3 3 21
split_gain=2195.02 6588.52 7.39977 444.137 522.962 0.608117 0.32789 0.173564 0.045139 0.0161118 0.00284094 0.000262606 0.000121025 1.2932e-06 1.249e-16 9.80119e-17 1.38778e-17 6.93889e-18 3.46945e-18 1.73472e-18
threshold=0.57932875667429451 8.5000000000000018 0.49606201550387602 0.54589800443458991 0.074663785914065708 1.0000000180025095e-35 36.500000000000007 96.464019851116646 0.28178494023853407 0.93750000000000011 32.500000000000007 94.028520499108751 0.13056818088633382 0.25827927329266415 0.51761349541056823 0.12141448870901624 80.576285240464358 35.500000000000007 32.500000000000007 0.58554006968641126
decision_type=2 2 2 2 2 2 2 2 2 2 2 2 2 2 2 2 2 2 2 2
left_child=2 -2 5 12 -5 6 11 17 9 13 -11 18 14 -7 16 -16 -4 -8 -1 -3
right_child=1 19 3 4 -6 8 7 -9 -10 10 -12 -13 -14 -15 15 -17 -18 -19 -20 -21
leaf_value=-0.050003644080913012 146.35636449067067 -0.050003415534777211 -0.050003411899801176 -48.786745027959832 -0.050006257418880887 -0.050003392451111822 -0.050003644080917946 0.067545124812254873 -0.077306251594583611 -0.055105015291078266 -0.059017527138019499 -0.055529886237563053 -0.053090304931504601 -0.050548057758764788 -0.050003392085729487 -0.050003408025280943 -0.050003412022005735 -0.050003644080898593 -0.050003644080906177 -0.050003418079878029
leaf_weight=0.024486927199179109 0.0010245455996480859 0.0010926074101007544 0.064346347382657501 0.0010259200417986284 0.0011875818258198266 1.2804905575802981 0.035127080089296214 0.19228191673755646 0.228720401186428 0.84057534193705419 1.0355738811148567 0.089667022228240967 0.055586965481260187 0.010991497687655394 0.0011674927413878253 0.0054670487048912924 0.0030707243083897403 0.0024049660642049267 0.003789643495110794 0.0019814706902253165
leaf_count=336 111 20 960 52 81 18945 482 1 22 26 25 1 35 14 27 117 88 33 52 107
internal_value=-0.0236993 36.5476 -0.0623716 -0.430518 -22.6386 -0.049407 0.0135665 0.0483477 -0.0558549 -0.054306 -0.0572646 -0.054205 -0.051327 -0.050008 -0.0500034 -0.0500034 -0.0500034 -0.0500036 -0.0500036 -0.0500034
internal_weight=3.88006 0.00409862 3.87596 0.131852 0.0022135 3.74411 0.347758 0.229814 3.39635 3.16763 1.87615 0.117944 0.129639 1.29148 0.0740516 0.00663454 0.0674171 0.037532 0.0282766 0.00307408
internal_count=21535 238 21297 1360 133 19937 905 516 19032 19010 51 389 1227 18959 1192 144 1048 515 388 127
is_linear=0
shrinkage=0.05


Tree=21
num_leaves=16
num_cat=0
split_feature=21 10 1 23 7 25 9 23 3 24 25 21 3 4 4
split_gain=61505 184760 0.575695 0.308611 0.162335 0.0377875 0.0140085 0.00239256 0.000223822 0.000174379 1.04648e-06 1.34441e-17 6.93889e-18 3.46945e-18 3.46945e-18
threshold=0.57674982674982689 10.500000000000002 1.0000000180025095e-35 36.500000000000007 96.464019851116646 0.28178494023853407 0.93750000000000011 32.500000000000007 2.5000000000000004 0.13056818088633382 0.25827927329266415 0.58247782318349461 34.500000000000007 79.095323281369801 58.380149812734082
decision_type=2 2 2 2 2 2 2 2 2 2 2 2 2 2 2
left_child=2 -2 5 8 12 6 9 -8 -4 10 -1 -3 -5 14 -10
right_child=1 11 3 4 -6 -7 7 -9 13 -11 -12 -13 -14 -15 -16
leaf_value=-0.050003229161129405 -769.84349162860156 -0.050003245132449116 -0.055231185318421784 -0.050003468804582313 0.066399175637494867 -0.07523935675157345 -0.054831315345681642 -0.058500740494883657 -0.05000346880458071 -0.05293422457063264 -0.050490100813068289 -0.050003252070357378 -0.050003468804564855 -0.050003468804564348 -0.050003468804577768
leaf_weight=1.287450529516569 0.0010392397598509222 0.0011035685828360117 0.08574351668357838 0.033067409138311632 0.18598015606403351 0.22360657288390884 0.80347023085508429 0.9935493448029149 0.016083100461401045 0.052966716098105437 0.011132206331240124 0.0020148283583694649 0.0026343009376432738 0.0025649772287579245 0.0082495213573565707
leaf_count=20165 149 20 1 477 1 79 29 25 232 35 27 101 38 37 119
internal_value=-0.26477 -192.467 -0.0491737 0.0134093 0.0476526 -0.0553783 -0.0539678 -0.0568601 -0.0539829 -0.0501221 -0.0500074 -0.0500032 -0.0500035 -0.0500035 -0.0500035
internal_weight=3.71066 0.00415764 3.7065 0.334323 0.221682 3.37218 3.14857 1.79702 0.112641 1.35155 1.29858 0.0031184 0.0357017 0.0268976 0.0243326
internal_count=21535 270 21265 905 516 20360 20281 54 389 20227 20192 121 515 388 351
is_linear=0
shrinkage=0.05


Tree=22
num_leaves=13
num_cat=0
split_feature=21 3 15 23 7 25 9 23 4 21 25 45
split_gain=2598.22 5970.02 0.545855 0.290663 0.152014 0.0313847 0.0119208 0.0020174 0.000190865 0.000144803 9.00325e-07 4.33681e-19
threshold=0.57267080745341625 19.500000000000004 1.0000000180025095e-35 36.500000000000007 96.464019851116646 0.28178494023853407 0.93750000000000011 32.500000000000007 94.028520499108751 0.56543697848045682 0.25827927329266415 45.397860339788089
decision_type=2 2 2 2 2 2 2 2 2 2 2 2
left_child=2 -2 3 8 -5 6 9 -8 -1 10 -4 -3
right_child=1 11 5 4 -6 -7 7 -9 -10 -11 -12 -13
leaf_value=-0.050003293563050277 142.79849242504434 -0.050003088461441227 -0.050003069065498978 -0.050003293563052276 0.065345643635090711 -0.073412626969246539 -0.05457354089036244 -0.05801771013466539 -0.05495009141839563 -0.052697351795742635 -0.050465985805852855 -0.050003089284484548
leaf_weight=0.025585872965167122 0.0010500635618260717 0.0011740387546042004 1.2225634183789211 0.033960630353249144 0.17968915402889252 0.21785764267548291 0.76780320083000286 0.95276210560086838 0.081968419253826141 0.052131012969886537 0.010594507340279224 0.0012362571724225425
leaf_count=388 172 43 20137 515 1 78 29 25 1 44 32 70
internal_value=-0.00662243 43.2981 -0.0488942 0.0132633 0.0470104 -0.0550875 -0.0537593 -0.0564807 -0.0537733 -0.0501162 -0.050007 -0.0500031
internal_weight=3.54838 0.00346036 3.54492 0.321204 0.21365 3.22371 3.00585 1.72057 0.107554 1.28529 1.23316 0.0024103
internal_count=21535 285 21250 905 516 20345 20267 54 389 20213 20169 113
is_linear=0
shrinkage=0.05


Tree=23
num_leaves=17
num_cat=0
split_feature=21 24 3 42 23 7 25 9 23 5 25 21 3 6 3 11
split_gain=4843.99 85708.3 189373 0.517434 0.27393 0.142504 0.026059 0.0102566 0.00170301 0.000162842 7.74624e-07 4.44089e-15 6.93889e-18 6.93889e-18 1.73472e-18 1.73472e-18
threshold=0.56543697848045682 0.12619943139815878 20.500000000000004 1.0000000180025095e-35 36.500000000000007 96.464019851116646 0.28178494023853407 0.93750000000000011 32.500000000000007 0.94028520499108736 0.25827927329266415 0.48904876099120709 23.500000000000004 49.937500000000007 37.500000000000007 0.56787469287469305
decision_type=2 2 2 2 2 2 2 2 2 2 2 2 2 2 2 2
left_child=3 2 -2 4 9 12 7 10 -9 13 11 -5 -6 -1 -14 -4
right_child=1 -3 15 6 5 -7 -8 8 -10 -11 -12 -13 14 -15 -16 -17
leaf_value=-0.050003137634229311 -736.40023081211518 3.0676454584614565 -0.050002939191040589 -0.050002923201524552 -0.050003137634267975 0.064374936367912305 -0.071763278814758913 -0.054330638862934266 -0.057565783903222145 -0.054685424132003835 -0.050443084206406731 -0.050002935691467236 -0.050003137634264075 -0.050003137634267961 -0.050003137634230269 -0.050002936654148636
leaf_weight=0.0016309042257488518 0.0012901469491451542 0.048072420403677533 0.0014100428816164318 1.0913909027819881 0.022832659160485491 0.17343722283840179 0.21183377780543322 0.73353968813775405 0.91322984244139604 0.078338585793972015 0.010082267629886288 0.071550751464639961 0.0082172482143505476 0.022707204989274032 0.0012545417121145883 0.0012914053768327096
leaf_count=26 175 69 48 18747 364 1 76 29 25 1 32 1390 131 362 20 39
internal_value=-0.284474 -15.4181 -238.05 -0.0485732 0.0131274 0.0464159 -0.0548502 -0.0535796 -0.0561247 -0.0535756 -0.0500067 -0.0500029 -0.0500031 -0.0500031 -0.0500031 -0.0500029
internal_weight=3.39211 0.052064 0.0039916 3.34005 0.308418 0.205742 3.03163 2.81979 1.64677 0.102677 1.17302 1.16294 0.0323044 0.0243381 0.00947179 0.00270145
internal_count=21535 331 262 21204 905 516 20299 20223 54 389 20169 20137 515 388 151 87
is_linear=0
shrinkage=0.05


Tree=24
num_leaves=14
num_cat=0
split_feature=24 16 16 23 24 7 25 9 23 4 25 23 3
split_gain=2336.64 4897.95 0.556919 0.25831 0.252654 0.133723 0.0217603 0.00875212 0.00143916 0.000138998 6.66535e-07 2.19429e-11 3.46945e-18
threshold=0.1320706471668939 0.53863375430539617 1.0000000180025095e-35 36.500000000000007 0.13056818088633382 96.464019851116646 0.28178494023853407 0.93750000000000011 32.500000000000007 94.028520499108751 0.25827927329266415 30.500000000000004 35.500000000000007
decision_type=2 2 2 2 2 2 2 2 2 2 2 2 2
left_child=2 11 3 9 6 12 7 10 -9 -1 -4 -2 -5
right_child=1 -3 4 5 -6 -7 -8 8 -10 -11 -12 -13 -14
leaf_value=-0.050002984497134008 -0.050062333884470761 120.56492126745569 -0.050002779464056096 -0.05000298449713611 -0.10707363949728808 0.063478709138474629 -0.070262859887536 -0.054101626453885977 -0.057142552420558303 -0.054436077173195423 -0.050421327688938145 -0.050053145413398281 -0.05000298449711247
leaf_weight=0.023151195360697208 0.0012436408135029437 0.0012436265836985594 1.1086309415259241 0.028759990113030653 0.24896060977334844 0.1672484427690506 0.205657708684157 0.70064342290993475 0.87496191208499852 0.074850663542747498 0.0095943183441705715 0.0013606223073501286 0.0019690449662448364
leaf_count=388 6 75 20356 482 6 1 54 29 25 1 36 43 33
internal_value=-0.00906939 38.9323 -0.0525722 0.0130008 -0.0587366 0.0458647 -0.0545862 -0.0533894 -0.0557903 -0.0533888 -0.0500064 -0.0500575 -0.050003
internal_weight=3.44828 0.00384789 3.44443 0.295979 3.14845 0.197977 2.89949 2.69383 1.57561 0.0980019 1.11823 0.00260426 0.030729
internal_count=21535 124 21411 905 20506 516 20500 20446 54 389 20392 49 515
is_linear=0
shrinkage=0.05


Tree=25
num_leaves=17
num_cat=0
split_feature=23 15 15 7 15 24 43 22 45 42 45 24 1 46 21 4
split_gain=1267.89 2694.18 248.771 739.254 116.407 876.327 94.5182 849.174 7.08797 217.441 0.534837 9.1779e-10 3.42764e-14 1.47235e-15 2.60209e-17 1.9082e-17
threshold=17.500000000000004 0.49444375848870237 0.51639784946236567 43.159536541889487 0.48660607510165038 0.072809105350164896 84.500000000000014 0.039230769230769243 67.552325581395351 0.64326765188834167 1.0000000180025095e-35 0.1320706471668939 1.0000000180025095e-35 85.721256038647354 0.50806661462399172 43.534002229654412
decision_type=2 2 2 2 2 2 2 2 2 2 2 2 2 2 2 2
left_child=1 13 4 -4 6 14 8 12 10 -10 -2 -5 -8 -1 -6 -16
right_child=2 -3 3 11 5 -7 7 -9 9 -11 -12 -13 -14 -15 15 -17
leaf_value=-0.050002729928473683 0.014204895650820932 98.967267209065596 -49.500839442282825 -0.050002654303969413 -0.05000264882669915 49.536811259444598 -0.050002643346355118 -47.284367582273035 -0.055278568710255084 -11.295906667966472 -0.05842811954137072 -0.05005928703586069 -0.050002836254644994 -0.050002647088685175 -0.050002651343298378 -0.050002658598556321
leaf_weight=0.0010364513218526581 0.27805080090183887 0.0010099248356710182 0.0010111052359892039 0.0018095381165861646 0.0010092351840180272 0.0010083325798553311 0.0040191439329645418 0.0010585513336991434 0.13304332047451062 0.0044460631979745804 2.8647077755590549 0.0011831600586700297 0.0053920240861771163 0.0011119033224531449 0.001012363601830657 0.0056348993202741046
leaf_count=21 802 55 45 121 24 64 77 28 603 89 19296 31 95 21 27 136
internal_value=-0.0521153 31.6128 -0.0823893 -12.5381 -0.0672742 5.72045 -0.0825139 -4.82568 -0.067375 -0.418772 -0.052002 -0.050025 -0.0500028 -0.0500027 -0.0500027 -0.0500027
internal_weight=3.30654 0.00315828 3.30339 0.0040038 3.29938 0.00866483 3.29072 0.0104697 3.28025 0.137489 3.14276 0.0029927 0.00941117 0.00214835 0.0076565 0.00664726
internal_count=21535 97 21438 197 21241 251 20990 200 20790 692 20098 152 172 42 187 163
is_linear=0
shrinkage=0.05


Tree=26
num_leaves=20
num_cat=0
split_feature=15 23 25 24 15 43 21 43 45 45 25 10 15 23 24 3 1 4 4
split_gain=217439 285310 139058 10952.2 6515.75 10561.5 1730.19 110.686 881.739 7.67897 313.246 675.565 0.517936 0.254769 0.176775 0.000312299 2.47823e-14 1.47451e-17 4.33681e-19
threshold=0.49295215405995635 20.500000000000004 0.17469244690980887 0.072809105350164896 0.48404074702886252 5.5000000000000009 0.51449579831932779 84.500000000000014 31.882273407697138 67.552325581395351 0.12739174036790532 11.500000000000002 1.0000000180025095e-35 36.500000000000007 0.13056818088633382 2.5000000000000004 1.0000000180025095e-35 69.826295297993425 46.894290123456791
decision_type=2 2 2 2 2 2 2 2 2 2 2 2 2 2 2 2 2 2 2
left_child=4 -2 3 17 7 -6 -7 9 16 12 15 -12 13 -1 -14 -11 -9 18 -3
right_child=1 2 -4 -5 5 6 -8 8 -10 10 11 -13 14 -15 -16 -17 -18 -19 -20
leaf_value=-0.053257730397615159 -915.94435537027312 -0.050002529535033403 -649.99545385269857 -170.11196084327227 -170.9684480454182 -49.822645285152028 36.686941516108703 -0.050002514066093032 -49.722171644507732 -0.056360478531983164 -49.893750133182536 -0.050002510730940725 -0.054127989997618753 0.047687720113878909 -0.09814444012702267 -0.050002503426726665 -0.050002698659029614 -0.050002522218703771 -0.050002528720873608
leaf_weight=0.094671961895076318 0.001364786229024092 0.0010616797080729157 0.0010770134706375011 0.0011760423236992779 0.0014626858981160442 0.0010045679155155085 0.0013610277424049855 0.0028165376897958394 0.0010065998903883164 0.10011790271079243 0.0010031348440278356 0.002109123607364094 2.4856790526474684 0.18395853774563875 0.25115027178054194 0.023930564984686542 0.0051290658302605152 0.0010135551105565988 0.002780145554424962
leaf_count=389 133 40 139 12 37 22 48 56 49 3 61 60 19242 421 46 567 95 34 81
internal_value=-0.841854 -253.791 -126.66 -33.2097 -0.162609 -65.3535 -0.0500025 -0.0834205 -5.63522 -0.0676054 -0.448212 -16.1155 -0.0515554 0.0133889 -0.0581672 -0.0551339 -0.0500026 -0.0500025 -0.0500025
internal_weight=3.16387 0.00847322 0.00710844 0.00603142 3.1554 0.00382828 0.0023656 3.15157 0.0089522 3.14262 0.127161 0.00311226 3.01546 0.27863 2.73683 0.124048 0.0079456 0.00485538 0.00384183
internal_count=21535 439 306 167 21096 107 70 20989 200 20789 691 121 20098 810 19288 570 151 155 121
is_linear=0
shrinkage=0.05


Tree=27
num_leaves=17
num_cat=0
split_feature=15 16 41 18 21 45 23 5 7 22 9 23 5 22 23 23
split_gain=133968 560831 8188.49 605.636 0.855222 0.431916 0.227379 0.151111 0.126746 0.0136361 0.00533068 0.000886481 0.000105619 4.62808e-07 3.3689e-13 9.08995e-16
threshold=0.48404074702886252 0.49937500000000012 5.5000000000000009 0.47087104072398195 0.56543697848045682 1.0000000180025095e-35 36.500000000000007 0.83697199810156631 96.464019851116646 0.20526315789473687 0.93750000000000011 32.500000000000007 0.94028520499108736 0.18898809523809526 84.500000000000014 23.500000000000004
decision_type=2 2 2 2 2 2 2 2 2 2 2 2 2 2 2 2
left_child=4 -2 -3 -4 5 6 12 -6 14 10 13 -12 15 -7 -8 -1
right_child=1 2 3 -5 7 9 8 -9 -10 -11 11 -13 -14 -15 -16 -17
leaf_value=-0.05000269288525229 -1285.03287202043 148.48815738648503 -49.578275223180064 -0.050002403720726167 -0.093569276919763897 -0.050002364997384252 -0.050003021526643203 -0.15021648644080093 0.06189049931326937 -0.06688993581973772 -0.053471986766955276 -0.056028428294158522 -0.0540401497253713 -0.050316836284131763 -0.050002567835109958 -0.050002729256729828
leaf_weight=0.0018833049944085847 0.0010505976631236332 0.001009841512845219 0.0010095244020138507 0.0015883551017793708 0.25056981675949419 0.92295300268816105 0.025360275321872905 0.22206185758113861 0.15521088242530823 0.18895747532587837 0.60713681152466181 0.76814292423004815 0.069172665476799011 0.011850020193378441 0.0048789306674734681 0.01926834376718034
leaf_count=35 120 129 51 246 106 19877 420 7 1 23 29 25 1 17 95 353
internal_value=-0.442368 -268.387 27.6683 -19.2965 -0.0580126 -0.0474229 0.0119601 -0.120184 0.0436453 -0.053976 -0.0529196 -0.0548999 -0.0530947 -0.0500064 -0.0500029 -0.0500027
internal_weight=3.2521 0.00465832 0.00360772 0.00259788 3.24745 2.77481 0.275774 0.472632 0.18545 2.49904 2.31008 1.37528 0.0903243 0.934803 0.0302392 0.0211516
internal_count=21535 546 426 297 20989 20876 905 113 516 19971 19948 54 389 19894 515 388
is_linear=0
shrinkage=0.05


Tree=28
num_leaves=10
num_cat=0
split_feature=18 15 21 1 23 9 18 9 3
split_gain=2353.12 2523.56 0.675808 0.409905 0.214762 0.11925 0.0114183 0.0045396 9.02564e-05
threshold=0.62028634805404326 0.48214032600992202 0.57267080745341625 1.0000000180025095e-35 36.500000000000007 0.93750000000000011 0.58086312118570194 0.93750000000000011 2.5000000000000004
decision_type=2 2 2 2 2 2 2 2 2
left_child=1 2 3 6 8 -6 7 -1 -5
right_child=-2 -3 -4 4 5 -7 -8 -9 -10
leaf_value=-0.050005264730709209 38.367776808597469 -5.2932192563870952 -0.13609360697776898 -0.053827615028779745 -0.050002803056285267 0.061176902401946932 -0.065776429417591709 -0.054638024682165304 -0.050002592821608065
leaf_weight=0.88473523778313423 0.0039044229488353057 0.24981975805215961 0.23270282303201373 0.066052302718162426 0.02876450418625609 0.14931948482990265 0.18289403002927418 1.3143159448426052 0.020120122528169304
leaf_count=19851 74 556 66 1 515 1 29 54 388
internal_value=-0.424297 -0.472706 -0.0544017 -0.0472179 0.0118639 0.0432189 -0.0537725 -0.0527741 -0.0529345
internal_weight=3.13263 3.12872 2.8789 2.6462 0.264256 0.178084 2.38195 2.19905 0.0861724
internal_count=21535 21461 20905 20839 905 516 19934 19905 389
is_linear=0
shrinkage=0.05


Tree=29
num_leaves=15
num_cat=0
split_feature=15 32 25 24 1 23 7 17 9 25 3 45 21 5
split_gain=132130 79.3924 894.556 7.17003 0.395584 0.20293 0.112277 0.0106056 0.00383761 0.000858999 7.71572e-05 3.98986e-17 1.38778e-17 3.46945e-18
threshold=0.48214032600992202 1.0000000180025095e-35 0.095701094793509703 0.1320706471668939 1.0000000180025095e-35 36.500000000000007 96.464019851116646 0.50694578429481008 0.93750000000000011 0.28178494023853407 2.5000000000000004 67.552325581395351 0.48502779272010049 0.76506899055918676
decision_type=2 2 2 2 2 2 2 2 2 2 2 2 2 2
left_child=1 3 11 4 7 10 -7 8 -1 -9 -6 12 13 -3
right_child=-2 2 -4 -5 5 6 -8 9 -10 -11 -12 -13 -14 -15
leaf_value=-0.050005024165462333 -287.76029930584002 -0.050002140478164814 -48.807151765911406 -0.33265852676627666 -0.053627032414060839 -0.050002667484430142 0.060513633971010089 -0.059556394509726253 -0.054393846398986201 -0.064799408089183885 -0.050002468151284611 -0.050002150270403681 -0.050002146411817841 -0.050002138687173604
leaf_weight=0.82555635741824018 0.0039970790134454806 0.0079942021729950026 0.0010254906281768192 0.24075321606691469 0.063059963285922893 0.027361715383449337 0.14355431497097015 0.14029266042901767 1.2556863091675727 0.1762855267697887 0.019138899573590606 0.0012486849114523016 0.0010299131572537598 0.0011106898855359768
leaf_count=19454 585 190 44 51 1 515 1 148 54 17 388 37 24 26
internal_value=-0.483922 -0.088527 -4.07934 -0.0714014 -0.0476745 0.0117738 0.0428212 -0.0539499 -0.052653 -0.0624759 -0.0527831 -0.0500021 -0.0500021 -0.0500021
internal_weight=2.9081 2.9041 0.012409 2.89169 2.65094 0.253115 0.170916 2.39782 2.08124 0.316578 0.0821989 0.0113835 0.0101348 0.00910489
internal_count=21535 20950 321 20629 20578 905 516 19673 19508 165 389 277 240 216
is_linear=0
shrinkage=0.05


Tree=30
num_leaves=13
num_cat=0
split_feature=26 23 45 18 16 21 23 9 22 4 45 4
split_gain=900.579 3034.2 12.0462 7.50784 0.435748 0.228215 0.191824 0.105779 0.008232 6.59825e-05 2.55872e-17 4.33681e-19
threshold=0.30952380952380959 38.500000000000007 77.010211267605655 0.62028634805404326 1.0000000180025095e-35 0.57267080745341625 36.500000000000007 0.93750000000000011 0.20526315789473687 94.028520499108751 39.071621270702302 69.268849961919287
decision_type=2 2 2 2 2 2 2 2 2 2 2 2
left_child=2 -2 3 4 6 8 9 -8 -6 -1 11 -3
right_child=1 10 -4 -5 5 -7 7 -9 -10 -11 -12 -13
leaf_value=-0.050002346952942936 98.350130558281421 -0.050002030985646609 0.53391568963733593 -0.43946431557553062 -0.052392728856133233 -0.10389654747525334 -0.050002537446098144 0.059896278878916034 -0.063873817326647389 -0.053437647995479634 -0.050002040287066229 -0.050002030985634688
leaf_weight=0.018205527037935876 0.0010162587932426295 0.0013418164126051124 0.084895941293992361 0.13149598553997321 1.9097301327298088 0.24996026208827959 0.026027334242826328 0.13792476058006287 0.17002788186073292 0.060191705822944641 0.0010609278351281226 0.0010165275853069033
leaf_count=388 32 34 48 66 20131 226 515 1 33 1 35 25
internal_value=-0.0167338 22.4952 -0.052543 -0.0709586 -0.0521189 -0.0587566 0.0116894 0.0424499 -0.0533314 -0.0526399 -0.050002 -0.050002
internal_weight=2.7929 0.00443553 2.78846 2.70356 2.57207 2.32972 0.242349 0.163952 2.07976 0.0783972 0.00341927 0.00235834
internal_count=21535 126 21409 21361 21295 20390 905 516 20164 389 94 59
is_linear=0
shrinkage=0.05


Tree=31
num_leaves=12
num_cat=0
split_feature=26 43 15 18 16 21 23 7 9 4 6
split_gain=162445 343814 10.5469 6.15153 0.40576 0.186794 0.181392 0.0997179 0.00355892 5.64451e-05 4.77049e-18
threshold=0.30952380952380959 20.500000000000004 0.47641299510458396 0.58086312118570194 1.0000000180025095e-35 0.57267080745341625 36.500000000000007 96.464019851116646 0.93750000000000011 94.028520499108751 78.808833010960683
decision_type=2 2 2 2 2 2 2 2 2 2 2
left_child=2 -2 3 4 6 8 9 -8 -6 -1 -3
right_child=1 10 -4 -5 5 -7 7 -9 -10 -11 -12
leaf_value=-0.050002231859730101 -1101.043862323527 -0.050001937717316793 0.45980390431268892 -0.3674996581472007 -0.050004535923427768 -0.098590538198967459 -0.050002412851112371 0.05932092716066284 -0.054394693642300797 -0.053258768594247712 -0.050001942356933116
leaf_weight=0.017317671630736498 0.0010445108200657352 0.0011992249698151713 0.09696969251296339 0.16419857630776746 0.753064776770486 0.25021232873768884 0.024758026156632695 0.13243824243545532 1.1928757564482884 0.057443562895059586 0.0010087823211506475
leaf_count=388 61 33 645 76 19674 55 515 1 54 1 32
internal_value=-0.479265 -353.622 -0.0521605 -0.0713114 -0.0512819 -0.0579246 0.0116103 0.0421028 -0.0526957 -0.0525044 -0.0500019
internal_weight=2.69253 0.00325252 2.68928 2.59231 2.42811 2.19615 0.231958 0.157196 1.94594 0.0747612 0.00220801
internal_count=21535 126 21409 20764 20688 19783 905 516 19728 389 65
is_linear=0
shrinkage=0.05


Tree=32
num_leaves=14
num_cat=0
split_feature=26 17 45 25 1 23 21 7 18 4 45 26 4
split_gain=691.417 3197.29 8.27396 7.5838 0.383556 0.171586 0.150318 0.0940559 0.00260152 4.83017e-05 4.0766e-17 1.04083e-17 4.33681e-19
threshold=0.23611111111111113 0.41108692869030861 77.010211267605655 0.28178494023853407 1.0000000180025095e-35 36.500000000000007 0.57267080745341625 96.464019851116646 0.62028634805404326 94.028520499108751 57.64199891264952 0.30952380952380959 65.402588066139487
decision_type=2 2 2 2 2 2 2 2 2 2 2 2 2
left_child=2 10 3 4 6 9 8 -7 -1 -6 11 12 -2
right_child=1 -3 -4 -5 5 7 -8 -9 -10 -11 -12 -13 -14
leaf_value=-0.052166314965024711 -0.05000183366437877 97.202665840580607 0.34862021703515911 -0.44317505442673266 -0.050002120129878994 -0.050002295187868265 -0.094023625672676761 0.058784081159580226 -0.0594141185483303 -0.053089751232364646 -0.050001846448404434 -0.050001839468841916 -0.050001833995121252
leaf_weight=1.7316965244959004 0.0011378204253560667 0.0010282494289358401 0.12292522760621505 0.13013604847952898 0.016473114475957007 0.023550616406282643 0.24929477653677157 0.12710043787956238 0.13334305704117055 0.054811570793390274 0.0012183086946606636 0.0012511140666902065 0.0011380119649402332
leaf_count=19991 32 64 48 120 388 515 220 1 8 1 38 78 31
internal_value=-0.0131962 17.2705 -0.0517341 -0.0716877 -0.050995 0.0115361 -0.0575587 0.041778 -0.0526845 -0.0523762 -0.0500018 -0.0500018 -0.0500018
internal_weight=2.5951 0.0057735 2.58933 2.46641 2.33627 0.221936 2.11433 0.150651 1.86504 0.0712847 0.00474526 0.00352695 0.00227583
internal_count=21535 243 21292 21244 21124 905 20219 516 19999 389 179 141 63
is_linear=0
shrinkage=0.05


Tree=33
num_leaves=13
num_cat=0
split_feature=26 17 45 25 1 23 24 7 18 3 45 8
split_gain=185950 615044 6.43656 10.4717 0.361683 0.16236 0.122411 0.0887612 0.0022022 4.13455e-05 2.29851e-17 8.67362e-19
threshold=0.23611111111111113 0.3856282271944923 77.010211267605655 0.28178494023853407 1.0000000180025095e-35 36.500000000000007 0.1320706471668939 96.464019851116646 0.62028634805404326 2.5000000000000004 54.865406680265174 79.795918367346957
decision_type=2 2 2 2 2 2 2 2 2 2 2 2
left_child=2 10 3 4 6 9 8 -7 -1 -6 11 -2
right_child=1 -3 -4 -5 5 7 -8 -9 -10 -11 -12 -13
leaf_value=-0.052062717301384703 -0.050001746752493942 -1381.659103487963 0.25989097717304616 -0.59089155349958644 -0.052929995907234031 -0.050002182664941178 -0.0901150419458151 0.058282602709269687 -0.058871079026683086 -0.050002017602321605 -0.050001756005247824 -0.050001748235287594
leaf_weight=1.6506624909979561 0.0012226548533361683 0.0010495009030933034 0.15557116972380924 0.093434419463098606 0.052291769534349331 0.022402088925446151 0.24701983719500376 0.1219155341386795 0.12798011415730415 0.015669742613681592 0.0011937340968870558 0.0010485873863217421
leaf_count=20150 55 110 48 120 1 515 42 1 27 388 38 40
internal_value=-0.633484 -321.239 -0.0514995 -0.0722784 -0.0506262 0.0114664 -0.0571332 0.0414738 -0.0525526 -0.0522549 -0.0500018 -0.0500017
internal_weight=2.49146 0.00451448 2.48695 2.33138 2.23794 0.212279 2.02566 0.144318 1.77864 0.0679615 0.00346498 0.00227124
internal_count=21535 243 21292 21244 21124 905 20219 516 20177 389 133 95
is_linear=0
shrinkage=0.05


Tree=34
num_leaves=12
num_cat=0
split_feature=26 21 15 18 18 23 21 9 45 5 16
split_gain=1212.03 2785.42 8.12212 17.2466 0.348693 0.153677 0.0952377 0.0838046 0.010858 3.54011e-05 5.20417e-18
threshold=0.23611111111111113 0.41592079207920801 0.47641299510458396 0.58086312118570194 1.0000000180025095e-35 36.500000000000007 0.57267080745341625 0.93750000000000011 77.010211267605655 0.94028520499108736 0.38713329275715164
decision_type=2 2 2 2 2 2 2 2 2 2 2
left_child=2 10 3 4 5 9 8 -7 -6 -1 -2
right_child=1 -3 -4 -5 6 7 -8 -9 -10 -11 -12
leaf_value=-0.050001922334403641 -0.05000166101219819 99.925430530111996 0.3398132114981709 -0.9334801471693428 -0.051967943660573869 -0.050002077326040499 -0.08663138419025368 0.057813670363939251 -0.064896068906215673 -0.052778947008361089 -0.050001665829372155
leaf_weight=0.014905548421667469 0.001262660647625923 0.0010002457383961882 0.12563237466204968 0.056799674555089719 1.570081522865016 0.021309570674930001 0.24428136051028571 0.11688641458749771 0.18115135736072074 0.049880228936672211 0.0010330864934076089
leaf_count=388 62 123 636 72 19582 515 55 1 42 1 58
internal_value=-0.0095179 30.2899 -0.0514623 -0.0732585 -0.0510341 0.0114009 -0.0573849 0.0411887 -0.0533053 -0.05214 -0.0500017
internal_weight=2.38422 0.00329599 2.38093 2.2553 2.1985 0.202982 1.99551 0.138196 1.75123 0.0647858 0.00229575
internal_count=21535 243 21292 20656 20584 905 19679 516 19624 389 120
is_linear=0
shrinkage=0.05


Tree=35
num_leaves=18
num_cat=0
split_feature=27 21 23 7 15 18 1 23 7 21 45 6 3 45 43 40 40
split_gain=10181.9 167663 217658 15851.1 6.38481 41.1145 0.328951 0.145498 0.0791599 0.0776374 0.00923027 4.22347e-05 3.03194e-05 4.0766e-17 4.33681e-18 3.03577e-18 8.67362e-19
threshold=1.0000000180025095e-35 0.41592079207920801 73.500000000000014 53.384223918575067 0.47641299510458396 0.58086312118570194 1.0000000180025095e-35 36.500000000000007 96.464019851116646 0.57267080745341625 77.010211267605655 97.182539682539684 2.5000000000000004 57.64199891264952 24.500000000000004 0.78647416413373872 0.70396452790818997
decision_type=2 2 2 2 2 2 2 2 2 2 2 2 2 2 2 2 2
left_child=4 11 -3 -4 5 6 9 12 -9 10 -1 13 -8 14 16 -16 -2
right_child=1 2 3 -5 -6 -7 7 8 -10 -11 -12 -13 -14 -15 15 -17 -18
leaf_value=-0.051788694966298336 -0.050001570716284187 -867.48657455438558 -0.050014037259360489 -214.69296132032215 0.25483367669968421 -2.1299806724719272 -0.052636077667405239 -0.050001973934744232 0.057374740045710741 -0.083593466074591227 -0.063966338497672123 -0.053914869694831162 -0.050001827274192091 -0.05000158304468421 -0.050001575903420116 -0.050001572786513196 -0.050001571801801363
leaf_weight=1.4199693160168307 0.0014764151819689477 0.0012681042444455662 0.0018203423351224046 0.0016306149663329883 0.15808598309527067 0.024053208438846396 0.047573070973157772 0.020270330605853815 0.11201481521129608 0.24059300037879428 0.17475718326873924 0.067339599132537842 0.014178621870087227 0.0010766550294647459 0.0011031184403691441 0.001950156525708735 0.0020749740506289527
leaf_count=19292 64 149 45 61 626 64 1 515 1 55 41 1 388 37 36 68 91
internal_value=-0.684271 -18.2374 -307.314 -101.471 -0.0513571 -0.0749298 -0.050572 0.0113393 0.0409212 -0.0571175 -0.0531232 -0.0535142 -0.0520312 -0.0500016 -0.0500016 -0.0500016 -0.0500016
internal_weight=2.29124 0.07974 0.00471906 0.00345096 2.2115 2.05341 2.02936 0.194037 0.132285 1.83532 1.59473 0.0750209 0.0617517 0.00768132 0.00660466 0.00305327 0.00355139
internal_count=21535 552 255 106 20983 20357 20293 905 516 19388 19333 297 389 296 259 104 155
is_linear=0
shrinkage=0.05


Tree=36
num_leaves=14
num_cat=0
split_feature=15 11 25 15 23 7 24 16 9 10 5 23 23
split_gain=3446.4 5530.92 311.771 0.319762 0.13779 0.0748037 0.0595256 0.0146716 0.00118947 0.00116843 2.59738e-05 8.43041e-14 2.37657e-16
threshold=0.47910604120591321 0.77459677419354855 0.28178494023853407 1.0000000180025095e-35 36.500000000000007 96.464019851116646 0.1320706471668939 0.57193223443223451 0.93750000000000011 7.5000000000000009 0.94028520499108736 84.500000000000014 23.500000000000004
decision_type=2 2 2 2 2 2 2 2 2 2 2 2 2
left_child=2 -2 3 4 10 11 7 8 -5 -9 12 -6 -1
right_child=1 -3 -4 6 5 -7 -8 9 -10 -11 -12 -13 -14
leaf_value=-0.050001716940934485 -0.05000501016662913 149.59151398392859 -15.664212953304201 -0.050003636015520797 -0.050001922839063601 0.056963531329748844 -0.080920690002863477 -0.063487800052468485 -0.052995143404013678 -0.050002841797256094 -0.052500913945576634 -0.050001638614677969 -0.050001740319092061
leaf_weight=0.0012008708581569003 0.0016081341875634108 0.0010023955985290298 0.0032022393599929746 0.54625582000280026 0.016170778617379256 0.10730146616697311 0.23612784723236524 0.36431428130188004 0.84832347248686113 0.016804577438283563 0.045366466045379639 0.0031109923656913443 0.012286274733924074
leaf_count=35 385 234 64 18462 420 1 21 754 50 660 1 95 353
internal_value=-0.00614974 57.4096 -0.0742651 -0.0515447 0.0112814 0.04067 -0.0573356 -0.0541993 -0.0518234 -0.0628932 -0.0519282 -0.0500019 -0.0500017
internal_weight=2.20308 0.00261053 2.20047 2.19726 0.185437 0.126583 2.01183 1.7757 1.39458 0.381119 0.0588536 0.0192818 0.0134871
internal_count=21535 619 20916 20852 905 516 19947 19926 18512 1414 389 515 388
is_linear=0
shrinkage=0.05


Tree=37
num_leaves=17
num_cat=0
split_feature=26 43 15 23 6 7 15 23 18 1 23 7 24 23 3 4
split_gain=1560.8 2457.36 306.496 723.49 1047.96 226.832 614.724 24.7053 5.85722 0.292762 0.130523 0.0707145 0.0530082 0.00635396 2.22564e-05 1.11473e-09
threshold=0.23611111111111113 36.500000000000007 0.47910604120591321 25.500000000000004 79.552388097024263 62.988330796549981 0.52788888888888896 24.500000000000004 0.62028634805404326 1.0000000180025095e-35 36.500000000000007 96.464019851116646 0.1320706471668939 95.500000000000014 2.5000000000000004 54.446640316205539
decision_type=2 2 2 2 2 2 2 2 2 2 2 2 2 2 2 2
left_child=2 -2 8 5 -5 7 -7 15 9 12 14 -12 13 -1 -11 -4
right_child=1 -3 3 4 -6 6 -8 -9 -10 10 11 -13 -14 -15 -16 -17
leaf_value=-0.051697695850702524 99.948488813242548 -0.050013089903817878 -0.050889310265852618 -17.151948536983962 -0.050852401143109072 -11.576980203864647 -0.050899084110123588 -1.4916592213966486 -0.35416896139632081 -0.052373002421108331 -0.050001788550936913 0.056577951631761096 -0.078517273976873456 -0.062086204931386696 -0.05000165177176899 -0.050899081964129733
leaf_weight=1.355597001009984 0.0010000150978156644 0.0015930378758639563 0.035087270977193552 0.017542773042805507 0.018307584335511037 0.017351951450109496 0.034703902935129136 0.034703902900218964 0.17244519391485047 0.043256651610135921 0.018341420236538397 0.10274627804756165 0.23130944881385018 0.16511827268388168 0.01282939138400252 0.17351951450109482
leaf_count=19489 173 70 156 130 153 37 39 19 41 1 515 1 41 215 388 67
internal_value=-0.256448 38.5146 -0.297772 -1.71144 -8.41899 -0.897304 -3.89293 -0.256396 -0.0749795 -0.0500236 0.0112268 0.0404341 -0.0562176 -0.0528257 -0.0518306 -0.0508974
internal_weight=2.43545 0.00259305 2.43286 0.331217 0.0358504 0.295367 0.0520559 0.243311 2.10164 1.9292 0.177174 0.121088 1.75202 1.52072 0.056086 0.208607
internal_count=21535 243 21292 601 283 318 76 242 20691 20650 905 516 19745 19704 389 223
is_linear=0
shrinkage=0.05


Tree=38
num_leaves=20
num_cat=0
split_feature=27 23 17 5 6 15 23 25 16 3 43 17 23 9 43 16 5 23 12
split_gain=15690 290994 185692 9115.58 8512.42 405.197 1699.21 213.125 197.03 455.328 756.671 0.281175 0.123667 0.0668729 0.0413209 0.00700755 1.90753e-05 3.76584e-07 1.30451e-15
threshold=1.0000000180025095e-35 69.500000000000014 0.36676528599605529 0.5727513227513229 56.734832331847265 0.47910604120591321 25.500000000000004 0.25827927329266415 0.50545661235316419 22.500000000000004 5.5000000000000009 1.0000000180025095e-35 36.500000000000007 0.93750000000000011 84.500000000000014 0.57193223443223451 0.94028520499108736 23.500000000000004 1.0000000180025095e-35
decision_type=2 2 2 2 2 2 2 2 2 2 2 2 2 2 2 2 2 2 2
left_child=5 2 -2 4 -3 7 8 11 9 10 -7 12 16 -14 15 -13 -1 18 -10
right_child=1 3 -4 -5 -6 6 -8 -9 17 -11 -12 14 13 -15 -16 -17 -18 -19 -20
leaf_value=-0.050001574884644087 -1010.604858195755 -0.05000134541639082 -126.3674705134305 -0.87362812787152044 -181.83858144184236 -15.18420632896372 -17.263689950827537 -10.733006556998671 -0.050854459965245208 -0.050848263036856127 -0.050854467980124753 -0.051580907152925119 -0.050001701732251935 0.056216115316086779 -0.076193809947661673 -0.059881972823277868 -0.05225191578555867 -0.050641202311290989 -0.050854444997769456
leaf_weight=0.012203713980852959 0.0011874664614878452 0.0012110449697502251 0.0011874842093675397 0.060945130479708141 0.0013752239919995191 0.016519803553819656 0.017428809387017463 0.004680330722309666 0.11563862490991533 0.049923812242923304 0.016519960016012192 1.195633241094975 0.017446927804485313 0.098348416388034821 0.22754119053388411 0.32289697379812499 0.041239943355321884 0.024546405300498009 0.01652007737049388
leaf_count=388 105 58 184 153 52 35 273 88 42 45 15 18046 515 1 98 1255 1 30 151
internal_value=-1.05361 -25.0885 -568.483 -4.77516 -96.7144 -0.326011 -2.1901 -0.0764001 -1.09394 -3.06422 -7.61749 -0.0503592 0.0111754 0.0402122 -0.0563235 -0.053346 -0.0517381 -0.0508211 -0.0508545
internal_weight=2.24299 0.0659064 0.00237495 0.0635314 0.00258627 2.17709 0.257097 1.91999 0.239669 0.0829636 0.0330398 1.91531 0.169239 0.115795 1.74607 1.51853 0.0534437 0.156705 0.132159
internal_count=21535 552 289 263 110 20983 591 20392 318 95 50 20304 905 516 19399 19301 389 223 193
is_linear=0
shrinkage=0.05


Tree=39
num_leaves=14
num_cat=0
split_feature=20 20 20 3 26 25 1 43 43 12 3 11 3
split_gain=1068.26 513.027 1332.9 5780.84 36.2498 0.995543 0.265442 0.117196 0.0342816 9.91837e-08 4.71949e-07 1.28831e-09 3.77753e-14
threshold=0.54787775891341262 0.47910604120591321 0.50133689839572204 22.500000000000004 0.18333333333333338 0.30469910031816122 1.0000000180025095e-35 36.500000000000007 84.500000000000014 1.0000000180025095e-35 16.500000000000004 0.94014925373134339 11.500000000000002
decision_type=2 2 2 2 2 2 2 2 2 2 2 2 2
left_child=1 4 3 -3 5 6 8 -8 -1 12 -11 -5 -4
right_child=-2 2 9 11 -6 -7 7 -9 -10 10 -12 -13 -14
leaf_value=-0.0531748492747127 26.150852903887934 -35.022409961736564 -0.050812154976938299 -0.050794701353083706 -1.9087316489522621 -0.16463207243904712 -0.05165037984988459 0.040003527094324302 -0.074277258880933242 -0.050192295029370261 -0.050812092362319476 -0.050812101851914551 -0.05081209838035057
leaf_weight=1.4504446473959114 0.0038166416343300416 0.015727048052257761 0.047183930905403543 0.016073179174949756 0.026919868729536556 0.2114692628383642 0.050921276610097377 0.11070247253701382 0.22190246325408214 0.0038168019306823444 0.01572689600288868 0.031454227225587772 0.078634470701217651
leaf_count=19565 100 170 29 97 313 32 389 516 101 48 138 5 32
internal_value=-0.279587 -0.323811 -2.68722 -8.74585 -0.0858965 -0.0619063 -0.0500614 0.011127 -0.0559749 -0.0507958 -0.050691 -0.0508062 -0.0508121
internal_weight=2.28479 2.28098 0.208617 0.0632545 2.07236 2.04544 1.83397 0.161624 1.67235 0.145362 0.0195437 0.0475274 0.125818
internal_count=21535 21435 519 272 20916 20603 20571 905 19666 247 186 102 61
is_linear=0
shrinkage=0.05


Tree=40
num_leaves=17
num_cat=0
split_feature=15 15 22 21 19 26 4 25 1 23 7 24 19 4 12 4
split_gain=485.685 2137.01 2838.66 528.531 268.051 238.381 58.6912 0.756393 0.253186 0.109531 0.0648339 0.0287121 0.00516027 1.40184e-05 8.1527e-08 2.6798e-14
threshold=0.47910604120591321 0.50133689839572204 0.098387096774193564 0.52419984387197516 0.60158730158730178 0.18333333333333338 57.712133227597143 0.30469910031816122 1.0000000180025095e-35 36.500000000000007 96.464019851116646 0.1320706471668939 0.57193223443223451 94.028520499108751 1.0000000180025095e-35 66.079192546583855
decision_type=2 2 2 2 2 2 2 2 2 2 2 2 2 2 2 2
left_child=5 2 -2 -4 6 7 -3 8 11 13 -11 12 -1 -10 15 -8
right_child=1 4 3 -5 -6 -7 14 -9 9 10 -12 -13 -14 -15 -16 -17
leaf_value=-0.051427420527134539 -29.942689304966947 -3.3904635643539325 -9.9607104840390317 3.2706996028325634 6.6286124733836802 -12.015531865435015 -0.050771862730911367 -0.14723158486632812 -0.050001420941940482 -0.050001687291492375 0.055645879349596153 -0.072681065221959273 -0.058844125502786442 -0.052029683617347146 -0.050656889274106658 -0.05077191736684758
leaf_weight=1.0854304007000086 0.015054234558021629 0.014971441800360363 0.015136307061766274 0.015053587910201227 0.014971439726650715 0.0041787401149032668 0.044914321973919868 0.22427217662334498 0.011024217417798465 0.017273371286137262 0.09116651862859726 0.21470149064217636 0.29916564290806391 0.037488318979740143 0.018602759755381726 0.044917416788805786
leaf_count=18288 144 166 51 77 66 313 15 32 388 515 1 25 1353 1 67 33
internal_value=-0.313548 -2.77375 -12.207 -3.36313 0.310574 -0.0859333 -0.455921 -0.0607628 -0.0497208 0.0108798 0.0388173 -0.055668 -0.0530299 -0.0515688 -0.0507522 -0.0507719
internal_weight=2.16832 0.183622 0.0452441 0.0301899 0.138377 1.9847 0.123406 1.98052 1.75625 0.156952 0.10844 1.5993 1.3846 0.0485125 0.108434 0.0898317
internal_count=21535 619 272 128 347 20916 281 20603 20571 905 516 19666 19641 389 115 48
is_linear=0
shrinkage=0.05


Tree=41
num_leaves=24
num_cat=0
split_feature=32 17 42 43 16 7 16 16 3 21 28 4 8 9 21 21 25 18 3 21 43 42 21
split_gain=174.386 835.415 105.877 1301.37 7461.71 557.12 97.6505 11537.4 37081.8 38.1472 35.9171 679.929 35.0871 27.5661 3.75071 2.04329 0.622232 0.207883 0.000135426 9.98576e-14 1.97758e-16 1.2837e-16 1.73472e-18
threshold=1.0000000180025095e-35 0.43768491124260361 0.80576285240464351 10.500000000000002 0.44918313570487495 79.277813923227072 0.49308387283795535 0.47833906787613395 18.500000000000004 0.55848153214774288 1.0000000180025095e-35 82.637681159420296 83.047895500725716 0.22649572649572652 0.57267080745341625 0.55848153214774288 0.30469910031816122 1.0000000180025095e-35 1.0000000180025095e-35 0.51880124399208383 16.500000000000004 0.67555713608345191 0.45179515217787508
decision_type=2 2 2 2 2 2 2 2 2 2 2 2 2 2 2 2 2 2 2 2 2 2 2
left_child=2 21 10 6 5 20 7 18 -9 13 14 15 -11 -8 16 19 17 -1 -4 -12 -5 -2 -23
right_child=1 -3 3 4 -6 -7 9 8 -10 12 11 -13 -14 -15 -16 -17 -18 -19 -20 -21 -22 22 -24
leaf_value=0.010837045068349841 -0.050001133374580835 49.917350584482826 -0.052222145428879443 -0.050001152736476984 -146.16199032168473 -32.717491158283792 -0.064601689724507055 -348.535689069059 -0.050073381975829813 3.4576122520766654 -0.050001156921236967 -35.482751106652124 -0.050733807805601716 -1.582281469256994 0.16843889813729984 -0.63108240161729268 -0.13391999616837136 -0.052853838014250504 -0.050001163708260146 -0.050001503183890517 -0.050001131523308921 -0.050001152763194612 -0.05000115442044481
leaf_weight=0.14983343695530571 0.0010207368862330101 0.0010006533877014315 0.11399384101520471 0.0075779095334047985 0.0010266098001094062 0.0015305736677337272 0.3583649157751912 0.0010043454080034867 0.0031814638828309093 0.014251730404794216 0.016704320262782492 0.0014111239370480219 0.014254680834710598 0.032645117281836056 0.2087480219779535 0.073006777467375994 0.23396161198616061 0.88392689821928794 0.17249788471334726 0.0023785549744276329 0.0012833537357437308 0.0029483780072041554 0.001130309155996656
leaf_count=905 58 97 14 359 99 72 106 82 82 89 824 75 33 153 116 80 16 10251 7596 156 66 144 62
internal_value=-0.296072 8.14662 -0.318546 -0.819844 -17.5655 -4.86147 -0.550608 -1.25496 -83.6659 -0.0625744 -0.0881316 -1.03847 1.70326 -0.191312 -0.0279491 -0.51067 -0.0602871 -0.0436225 -0.0508849 -0.0500012 -0.0500011 -0.0500011 -0.0500012
internal_weight=2.29768 0.00610008 2.29158 0.721612 0.0114184 0.0103918 0.710194 0.290678 0.00418581 0.419516 1.56997 0.0935008 0.0285064 0.39101 1.47647 0.0920897 1.26772 1.03376 0.286492 0.0190829 0.00886126 0.00509942 0.00407869
internal_count=21535 361 21174 8751 596 497 8155 7774 164 381 12423 1135 122 259 11288 1060 11172 11156 7610 980 425 264 206
is_linear=0
shrinkage=0.05


Tree=42
num_leaves=17
num_cat=0
split_feature=32 17 22 3 21 15 16 40 3 1 23 21 15 1 42 15
split_gain=344165 1.44192e+06 38.6107 11.9076 971.193 5.36998 301.59 686.533 8.84595 0.246674 0.105661 0.0357069 3.30083e-13 3.24504e-13 6.59195e-17 4.33681e-19
threshold=1.0000000180025095e-35 0.41799477190319595 0.19139194139194141 30.500000000000004 0.51744421906693716 0.36120071684587823 0.36373307543520317 0.8389976958525347 7.5000000000000009 1.0000000180025095e-35 36.500000000000007 0.57267080745341625 0.46192500966370315 1.0000000180025095e-35 0.6906926406926408 0.39747571269310406
decision_type=2 2 2 2 2 2 2 2 2 2 2 2 2 2 2 2
left_child=2 14 3 5 12 9 7 -7 -8 11 -11 -1 13 -5 -2 -16
right_child=1 -3 -4 4 -6 6 8 -9 -10 10 -12 -13 -14 -15 15 -17
leaf_value=-0.052672759069980396 -0.050001081419178875 -2077.8245623882967 0.792344448426336 -0.050001094713102469 -49.349304166247407 -0.050001095151435693 -0.45322550778442877 -49.710575663868134 -0.081992108134350733 -0.051566367833669205 0.040733274793392144 -0.074960028960200972 -0.050002036227750235 -0.050001532116587449 -0.050001095604994966 -0.050001096493169306
leaf_weight=0.94112553381668307 0.0010154467828488011 0.0010347609607606204 0.1176159084632119 0.061017975775782343 0.0010142127787868957 0.0022539060973941752 0.19887583992027857 0.0010068349074572325 0.83092517280273048 0.044884268723763054 0.1002856377781427 0.22212928133558307 0.0010093658797443441 0.0045568627974716938 0.0020593867466232041 0.0012503244906838518
leaf_count=10326 59 130 46 2855 129 103 631 47 6043 323 432 34 55 150 103 69
internal_value=-0.941263 -401.175 -0.0922419 -0.135429 -0.789663 -0.116541 -0.201757 -15.3839 -0.153685 -0.0492593 0.0121957 -0.0569286 -0.0500011 -0.0500011 -0.0500011 -0.0500011
internal_weight=2.53206 0.00535992 2.5267 2.40908 0.0675984 2.34149 1.03306 0.00326074 1.0298 1.30842 0.14517 1.16325 0.0665842 0.0655748 0.00432516 0.00330971
internal_count=21535 361 21174 21128 3189 17939 6824 150 6674 11115 755 10360 3060 3005 231 172
is_linear=0
shrinkage=0.05


Tree=43
num_leaves=14
num_cat=0
split_feature=32 7 23 45 45 3 45 43 7 24 17 16 11
split_gain=242.641 739.76 32.1483 8.57416 3.07952 3.67745 1.12512 0.274252 0.131776 0.110332 0.0437099 2.47198e-17 4.33681e-19
threshold=1.0000000180025095e-35 65.956723688682459 18.500000000000004 77.010211267605655 41.556768915079452 7.5000000000000009 42.000000000000014 36.500000000000007 96.464019851116646 0.13392627418244371 0.45843495934959355 0.44290096406660828 0.62583333333333346
decision_type=2 2 2 2 2 2 2 2 2 2 2 2 2
left_child=2 11 -1 4 7 6 -6 10 -9 -7 -4 12 -2
right_child=1 -3 3 -5 5 9 -8 8 -10 -11 -12 -13 -14
leaf_value=1.5408245632043176 -0.050001043164507222 49.090968625685676 -0.051274060297812007 0.32803717864551918 -0.46173591071851527 -0.070267414266640557 -0.24618719608039541 -0.050001260064745701 0.055071839173634098 -0.11762325193831347 -0.06850526809950841 -0.050001033456600841 -0.050001042926337849
leaf_weight=0.031403486042000828 0.0010425716027386836 0.001017480939866422 0.936875256837022 0.12924840572364082 0.096573005749660379 0.24762002130352156 0.16226165189495184 0.046397653465071742 0.083613895038979535 0.24438789486885071 0.60614901394414478 0.0010118828045507788 0.0010422864761494566
leaf_count=142 65 82 16468 46 8 1530 148 2013 2 45 772 147 67
internal_value=-0.0298923 12.103 -0.0492061 -0.0687635 -0.0899221 -0.174049 -0.32661 -0.0521668 0.0175741 -0.0937898 -0.058043 -0.050001 -0.050001
internal_weight=2.58864 0.00411422 2.58453 2.55313 2.42388 0.750843 0.258835 1.67304 0.130012 0.492008 1.54302 0.00309674 0.00208486
internal_count=21535 361 21174 21032 20986 1731 156 19255 2015 1575 17240 279 132
is_linear=0
shrinkage=0.05


Tree=44
num_leaves=15
num_cat=0
split_feature=36 7 21 45 15 4 43 7 24 17 3 21 8 1
split_gain=790801 1.52674e+06 18.4164 2.28366 1.73305 0.41991 0.259102 0.124885 0.100369 0.0355737 0.00107911 0.000940115 0.000653386 1.51387e-12
threshold=1.0000000180025095e-35 51.389961389961393 0.57267080745341625 41.556768915079452 0.47910604120591321 86.180371352785158 36.500000000000007 96.464019851116646 0.13392627418244371 0.45843495934959355 1.0000000180025095e-35 0.55848153214774288 99.333333333333357 1.0000000180025095e-35
decision_type=2 2 2 2 2 2 2 2 2 2 2 2 2 2
left_child=2 -2 3 6 8 -6 9 13 10 12 -5 -11 -1 -8
right_child=1 -3 -4 4 5 -7 7 -9 -10 11 -12 -13 -14 -15
leaf_value=-0.0500736776738894 -0.05000099166535954 -2365.7886049348795 0.4029590189382331 -0.062340528873774087 -0.19518968541612697 -0.30962121320498892 -0.050000974901494834 0.054800072066085809 -0.110119164122315 -0.065818582273686713 -0.050001256637361186 -0.070018382084233319 -0.052740348011477228 -0.050001582348257037
leaf_weight=0.35179984904343786 0.0019971614069654855 0.0010356173737677832 0.21073237119298927 0.15876814720862434 0.1965139079868079 0.13540938496589661 0.02789753400871986 0.079920449796476944 0.24788892269134521 0.38286769055581527 0.019944323477124354 0.20437862587823508 0.66186651082215409 0.01622033150306379
leaf_count=15872 181 180 271 9 198 10 1495 2 12 730 1396 23 641 515
internal_value=-0.954149 -807.89 -0.0458087 -0.0838884 -0.156192 -0.241872 -0.0520939 0.0175244 -0.0895268 -0.0574879 -0.0609635 -0.0672802 -0.0518149 -0.0500012
internal_weight=2.69724 0.00303278 2.69421 2.48348 0.758525 0.331923 1.72495 0.124038 0.426601 1.60091 0.178712 0.587246 1.01367 0.0441179
internal_count=21535 361 21174 20903 1625 208 19278 2012 1417 17266 1405 753 16513 2010
is_linear=0
shrinkage=0.05


Tree=45
num_leaves=16
num_cat=0
split_feature=23 4 45 45 3 43 45 7 24 17 24 23 21 1 15
split_gain=1291.89 2692.53 6.91004 1.73709 1.11673 0.244152 0.148904 0.118453 0.0316405 0.0298058 0.00995747 0.000973536 0.000757901 1.26502e-12 3.18907e-14
threshold=17.500000000000004 55.036231884057983 77.010211267605655 41.556768915079452 7.5000000000000009 36.500000000000007 42.000000000000014 96.464019851116646 0.13392627418244371 0.45843495934959355 0.1320706471668939 18.500000000000004 0.55848153214774288 1.0000000180025095e-35 0.33246977547495687
decision_type=2 2 2 2 2 2 2 2 2 2 2 2 2 2 2
left_child=1 14 3 5 6 9 -5 13 10 11 -6 -2 -11 -7 -1
right_child=2 -3 -4 4 8 7 -8 -9 -10 12 -12 -13 -14 -15 -16
leaf_value=-0.050004884707101349 -0.056075234744729752 99.573179179897181 0.26268535283491889 -0.24045186808328034 -0.050178028837442212 -0.050000932446910951 -0.17650162657844568 0.054544098233910855 -0.10385038264840921 -0.06483232278719428 -0.08230086194877019 -0.051148910186306656 -0.06866520836066696 -0.05000150168524823 -0.050004494097372704
leaf_weight=0.0010691159986898303 0.11368770207627688 0.0010037824104074389 0.15423888741568736 0.16471592196104912 0.026840324814662253 0.026562414967768233 0.20346214221614889 0.076370428295794213 0.24965633451938629 0.36945495526022204 0.23843793570995331 0.85083178858661146 0.19814404681710612 0.015429280671014567 0.0010221171260483032
leaf_count=11 27 41 48 8 1619 1498 156 2 49 760 3 16691 62 515 45
internal_value=-0.025062 32.26 -0.062238 -0.0820185 -0.138618 -0.0517343 -0.205112 0.0174543 -0.0910744 -0.0570794 -0.0790507 -0.0517296 -0.0661704 -0.0500011 -0.0500047
internal_weight=2.69093 0.00309502 2.68783 2.53359 0.883113 1.65048 0.368178 0.118362 0.514935 1.53212 0.265278 0.964519 0.567599 0.0419917 0.00209123
internal_count=21535 97 21438 21390 1835 19555 164 2015 1671 17540 1622 16718 822 2013 56
is_linear=0
shrinkage=0.05


Tree=46
num_leaves=22
num_cat=0
split_feature=30 21 18 44 4 44 18 44 21 45 45 22 18 44 9 3 1 4 16 45 46
split_gain=355.657 632.515 334.807 18956.7 29633.8 104.399 893.794 53.1934 411.691 531.442 57.8066 23.1168 1.01111 0.0788573 0.0617658 6.91738e-06 2.93991e-13 8.87086e-14 1.56568e-13 3.34108e-15 1.67574e-15
threshold=-1.0000000180025095e-35 0.41592079207920801 0.22568518069366969 18.500000000000004 52.689415847310599 1.0000000180025095e-35 0.44081142399572942 2.5000000000000004 0.31400560224089641 22.392450494262402 26.475376344086019 0.19139194139194141 0.48161665314949992 36.500000000000007 0.93750000000000011 2.5000000000000004 1.0000000180025095e-35 49.151567443198168 0.36833751962323397 32.796189323504073 85.721256038647354
decision_type=2 2 2 2 2 2 2 2 2 2 2 2 2 2 2 2 2 2 2 2 2
left_child=2 -2 3 4 -1 6 17 8 9 -7 -10 12 -9 15 16 -5 -15 18 -4 -19 -17
right_child=1 -3 5 13 -6 7 -8 11 10 -11 -12 -13 -14 14 -16 20 -18 19 -20 -21 -22
leaf_value=-0.050003811518232834 -0.050000889611462387 -49.75654381057803 -0.050000892067138925 -0.051584007165119919 -349.66445205594874 -49.218687741615753 49.81396484112949 -0.059466751648377253 -3.6396389675247982 -0.050001155755051478 -0.050646913610699763 0.51484310562238211 -0.12821958388131194 -0.050000882923288338 0.054302916691812544 -0.050001106360185725 -0.050001430361491489 -0.050000878155580492 -0.050001615611251965 -0.050000977523131707 -0.050001037784950977
leaf_weight=0.0015361474397653776 0.0017594650707906871 0.0010059037913492728 0.0015885392349453964 0.029764382168650627 0.0010011027898144675 0.0010169073757426835 0.0010027281027760191 1.4332252785268556 0.01392898130507092 0.0011958140239585191 0.057676593894578784 0.17268021419435875 0.85303985950500671 0.002944474468677071 0.072960309684276581 0.0079827801691862987 0.014676806304123602 0.0046240336396294879 0.0014124766112217912 0.0010354037628701462 0.0010027547486970443
leaf_count=38 99 67 89 1 38 54 93 16275 796 63 1382 71 954 182 1 362 515 271 70 65 49
internal_value=-0.208842 -18.1308 -0.19031 -2.6468 -137.995 -0.0628981 5.12428 -0.0826886 -1.40518 -22.6466 -0.748791 -0.0429869 -0.0851195 0.00847603 0.0340121 -0.051217 -0.0500013 -0.050001 -0.0500012 -0.0500009 -0.0500011
internal_weight=2.67706 0.00276537 2.6743 0.131869 0.00253725 2.54243 0.00966318 2.53276 0.0738183 0.00221272 0.0716056 2.45895 2.28627 0.129332 0.0905816 0.0387499 0.0176213 0.00866045 0.00300102 0.00565944 0.00898553
internal_count=21535 166 21369 1186 76 20183 588 19595 2295 117 2178 17300 17229 1110 698 412 697 495 159 336 411
is_linear=0
shrinkage=0.05


Tree=47
num_leaves=21
num_cat=0
split_feature=42 16 43 23 42 25 45 45 15 43 6 6 15 23 15 10 15 7 4 4
split_gain=361862 2.51041e+06 156.067 6251.48 125.815 873.493 5.91814 1.00762 0.516721 0.230098 6.01576e-06 6.90115e-07 3.02188e-09 1.37406e-13 8.89046e-16 9.34582e-16 5.86337e-16 1.51788e-17 5.20417e-18 4.33681e-19
threshold=0.9956140350877194 0.41355947784519215 2.5000000000000004 20.500000000000004 0.92518656716417924 0.087877870756050067 77.010211267605655 41.556768915079452 0.47910604120591321 36.500000000000007 97.182539682539684 57.801932367149767 0.53896761133603255 23.500000000000004 0.36175558644285261 5.5000000000000009 0.36408419167039863 64.316770186335418 49.786324786324791 66.079192546583855
decision_type=2 2 2 2 2 2 2 2 2 2 2 2 2 2 2 2 2 2 2 2
left_child=2 13 3 -1 6 14 7 9 -9 -4 11 -5 -13 -2 17 -16 18 -6 -15 -20
right_child=1 -3 4 10 5 -7 -8 8 -10 -11 -12 12 -14 16 15 -17 -18 -19 19 -21
leaf_value=-106.87755300885661 -0.05000136251962372 -2612.3397816088514 -0.058519350044691457 -0.050499655600298669 -0.050000838723780465 49.918194710956811 0.22318212963148862 -0.08452070778907067 -0.15924211116306125 0.017478784051920836 -0.051221253286896799 -0.050000830521024532 -0.050074643383935358 -0.050000850088650996 -0.050000766763957621 -0.050000821156418386 -0.050000812846755387 -0.050000831590833586 -0.050000846717957341 -0.050000846096289887
leaf_weight=0.0014041321677146076 0.0015935453676653166 0.0010527162876314833 1.3579535995858403 0.010486644665178339 0.0024559021495484668 0.0010006364951863633 0.17406655326415466 0.49421156532617083 0.43503526784479618 0.10747997026098266 0.023274498758608431 0.020270138280588566 0.0014884234406054011 0.0014449828177021118 0.0012656335184146883 0.0020985277869840502 0.0017275264808631619 0.0011239207342441659 0.001494130447099451 0.0010179593274521892
leaf_count=133 85 161 14223 463 156 120 48 1472 259 2015 5 1729 8 85 99 136 113 72 90 63
internal_value=-1.13684 -330.148 -0.0960898 -2.68569 -0.0388807 6.24357 -0.0583111 -0.0787725 -0.119502 -0.0529454 -0.0506086 -0.0501665 -0.0500059 -0.050001 -0.0500008 -0.0500008 -0.0500008 -0.0500008 -0.0500008 -0.0500008
internal_weight=2.64195 0.00833086 2.63362 0.0569238 2.57669 0.00794462 2.56875 2.39468 0.929247 1.46543 0.0555197 0.0322452 0.0217586 0.00727814 0.00694398 0.00336416 0.0056846 0.00357982 0.00395707 0.00251209
internal_count=21535 597 20938 2338 18600 583 18017 17969 1731 16238 2205 2200 1737 436 463 235 351 228 238 153
is_linear=0
shrinkage=0.05


Tree=48
num_leaves=23
num_cat=0
split_feature=42 43 43 25 16 45 45 3 43 6 45 17 25 43 18 23 3 20 1 20 4 4
split_gain=73165.2 692745 222499 1.19021e+06 689.497 5.04722 0.796828 0.381917 0.221544 0.10578 0.0480132 0.0299551 0.0121075 0.0050851 0.00433274 0.000568832 5.8042e-06 6.80743e-07 1.02303e-12 4.63171e-16 3.95083e-16 4.33681e-18
threshold=0.92518656716417924 4.5000000000000009 2.5000000000000004 0.074751477569689223 0.53863375430539617 77.010211267605655 41.556768915079452 7.5000000000000009 36.500000000000007 94.957627118644083 42.000000000000014 0.45843495934959355 0.30469910031816122 84.500000000000014 0.62028634805404326 18.500000000000004 1.5000000000000002 0.50725247004414553 1.0000000180025095e-35 0.36175558644285261 60.903532608695663 59.906542056074777
decision_type=2 2 2 2 2 2 2 2 2 2 2 2 2 2 2 2 2 2 2 2 2 2
left_child=5 2 4 19 16 6 8 10 11 18 -8 15 13 -9 -13 -1 -2 -18 -10 21 -21 -4
right_child=1 -3 3 -5 -6 -7 7 12 9 -11 -12 14 -14 -15 -16 -17 17 -19 -20 20 -22 -23
leaf_value=-0.055120440321109271 -0.051160272070922989 -1098.5447792019179 -0.05000079685998985 -1886.326310516238 35.262342612911361 0.18806596411883406 -0.1623520478228638 -0.05013238893113911 -0.050000850100956812 0.053695782217571868 -0.12965745360407049 -0.063437029666077283 -0.089236947120733365 -0.075759553757041936 -0.072509222202506593 -0.051047960934813091 -0.050000816257119676 -0.050491664049249443 -0.050001385911978807 -0.050000782626156565 -0.050000740971549634 -0.050000792850118408
leaf_weight=0.098884405922875729 0.022165176041838125 0.0015475722174159287 0.0014406096142920424 0.0010072755635537334 0.0014159326674416653 0.19559754451722033 0.21313229799489941 0.021184352836904785 0.024134347072273132 0.068862896676831653 0.23733644440706503 0.34165818009001636 0.24636317789554596 0.22440551221370697 0.21406416594982147 0.64526613058458004 0.02640971816701311 0.009642744279581561 0.014120834795903647 0.0012973171824341989 0.0010145366527467559 0.0011737910886040481
leaf_count=44 7 162 98 83 43 48 5 1512 1490 13 145 615 40 31 5 13594 2804 44 512 90 74 76
internal_value=-1.41487 -52.945 -28.2658 -320.264 0.787941 -0.0559675 -0.0762842 -0.111863 -0.0524528 0.0166624 -0.145126 -0.0581484 -0.0814053 -0.073549 -0.0669316 -0.0515891 -0.0505236 -0.0501321 -0.050001 -0.0500008 -0.0500008 -0.0500008
internal_weight=2.61212 0.0671147 0.0655671 0.00593353 0.0596336 2.54501 2.34941 0.942422 1.40699 0.107118 0.450469 1.29987 0.491953 0.24559 0.555722 0.744151 0.0582176 0.0360525 0.0382552 0.00492625 0.00231185 0.0026144
internal_count=21535 3481 3319 421 2898 18054 18006 1733 16273 2015 150 14258 1583 1543 620 13638 2855 2848 2002 338 164 174
is_linear=0
shrinkage=0.05


Tree=49
num_leaves=19
num_cat=0
split_feature=42 18 42 17 42 9 22 18 3 15 3 15 23 16 10 15 3 3
split_gain=151.612 847.367 21.1296 968.373 178.989 820.2 4.52475 0.588217 0.274653 0.202323 4.06656e-06 5.15246e-07 1.13215e-13 1.09461e-14 7.31186e-16 3.46077e-16 5.85469e-17 1.30104e-18
threshold=0.9956140350877194 0.39662296950698211 0.93969696969696981 0.45625809490168379 0.92518656716417924 0.43650793650793657 0.19139194139194141 0.48161665314949992 7.5000000000000009 1.0000000180025095e-35 2.5000000000000004 0.50725247004414553 23.500000000000004 0.44425534143276085 8.5000000000000018 0.36408419167039863 30.500000000000004 23.500000000000004
decision_type=2 2 2 2 2 2 2 2 2 2 2 2 2 2 2 2 2 2
left_child=2 12 4 10 6 14 7 9 -9 -1 -4 13 -2 -12 -6 17 -16 -14
right_child=1 -3 3 -5 5 -7 -8 8 -10 -11 11 -13 15 -15 16 -17 -18 -19
leaf_value=0.010230327941915552 -0.050001297104897674 49.910726523725586 -0.051102410850643459 -49.513038930820194 -0.050000708292860879 49.921540451419744 0.16941803436039113 -0.13231927124370307 -0.076489914824080449 -0.059666525544074582 -0.050000738759794543 -0.050467455988212229 -0.050000769425458225 -0.050000908054583716 -0.05000075179905758 -0.050000736131663226 -0.050000765981231571 -0.050000768212724839
leaf_weight=0.1124354831354154 0.0012755034380410582 0.0010007860719269956 0.021107376964732111 0.0010108558186492358 0.0010451152241633946 0.0010005695005759208 0.20802745244534326 0.46870761341694445 0.41564374373880852 1.307271840392366 0.015615283121661605 0.0091767320409417152 0.0019964130509926292 0.0010167160903223607 0.0025168592512727628 0.001066426484612748 0.0010168560293379869 0.0012464203482522862
leaf_count=905 84 209 5 200 257 136 65 78 820 16186 1760 11 134 137 269 89 109 81
internal_value=-0.0343873 7.54238 -0.0538359 -1.09383 -0.0340383 8.91154 -0.0539066 -0.07407 -0.10608 -0.054131 -0.0505877 -0.0501667 -0.0500009 -0.0500007 -0.0500007 -0.0500008 -0.0500008 -0.0500008
internal_weight=2.57218 0.00658555 2.56559 0.047927 2.51767 0.0055794 2.51209 2.30406 0.884351 1.41971 0.0469161 0.0258087 0.00558476 0.016632 0.00457883 0.00430926 0.00353372 0.00324283
internal_count=21535 597 20938 2113 18825 771 18054 17989 898 17091 1913 1908 388 1897 635 304 378 215
is_linear=0
shrinkage=0.05


Tree=50
num_leaves=21
num_cat=0
split_feature=44 16 42 42 9 22 18 3 1 23 23 17 22 4 15 46 15 46 15 16
split_gain=814118 3.2733e+06 124696 1.2846e+06 4.78444e+06 4.00862 0.473973 0.19866 0.196181 0.0710186 0.0365294 0.0239002 0.0171916 3.49352e-06 4.43182e-07 5.13409e-14 8.98934e-15 4.2891e-16 5.0307e-17 3.16587e-17
threshold=1.0000000180025095e-35 0.37683554916756506 0.92518656716417924 0.93969696969696981 0.26136363636363641 0.19139194139194141 0.48161665314949992 7.5000000000000009 1.0000000180025095e-35 36.500000000000007 95.500000000000014 0.4096973258889216 0.18898809523809526 94.028520499108751 0.50725247004414553 85.857289195050399 0.43768491124260361 85.812414383561659 0.36626690838097897 0.35136060718252499
decision_type=2 2 2 2 2 2 2 2 2 2 2 2 2 2 2 2 2 2 2 2
left_child=1 15 5 4 17 6 8 11 10 -10 -2 -8 -9 14 16 19 -5 -4 -19 -1
right_child=2 -3 3 13 -6 -7 7 12 9 -11 -12 -13 -14 -15 -16 -17 -18 18 -20 -21
leaf_value=-0.050000731039533342 -0.053164390755157935 -3101.0113359689581 -0.050000684078663718 -0.050000702207513015 -3921.7100539225121 0.15080743910348404 -0.13368146214099155 -0.062265757871973762 -0.05104486828230588 0.03573630400322908 -0.0712360890596066 -0.11139724895215203 -0.083244586710717841 -0.05104748804171421 -0.050444446767524888 -0.05000113433428538 -0.050000856987968016 -0.050000729535915028 -0.050000714975988549 -0.050000720334778218
leaf_weight=0.0022224796875883737 0.83046377902922186 0.0010641861163094291 0.0010015100299371337 0.014819040453247112 0.0010072265179669236 0.22162413622563093 0.23412990570068354 0.16471125253130625 0.033664733677142178 0.078664512417162769 0.42158492719568608 0.24753263029475431 0.23987165093421936 0.020099015247316387 0.0087330592672151264 0.0010222787043687731 0.0010018179105612595 0.001326026545939385 0.0010858967498279539 0.0010034512924903538
leaf_count=155 15973 306 228 1856 317 65 3 816 389 516 213 75 4 6 51 65 200 101 125 71
internal_value=-2.92148 -621.239 -1.61869 -80.5419 -893.582 -0.0520842 -0.0720634 -0.100533 -0.0535705 0.00972825 -0.0592494 -0.122229 -0.0747038 -0.0505587 -0.0501585 -0.0500008 -0.0500007 -0.0500007 -0.0500007 -0.0500007
internal_weight=2.52663 0.0053124 2.52132 0.0490736 0.00442066 2.47225 2.25062 0.886245 1.36438 0.112329 1.25205 0.481663 0.404583 0.0446529 0.0245539 0.00424821 0.0158209 0.00341343 0.00241192 0.00322593
internal_count=21535 597 20938 2884 771 18054 17989 898 17091 905 16186 78 820 2113 2107 291 2056 454 226 226
is_linear=0
shrinkage=0.05


Tree=51
num_leaves=17
num_cat=0
split_feature=43 8 21 18 1 3 23 7 17 23 18 17 15 3 17 21
split_gain=246.269 749.056 17.5719 0.408114 0.169229 0.165724 0.0663971 0.049663 0.0163959 0.0159531 0.0157046 0.00425503 0.000221853 3.82747e-06 3.67436e-14 1.30104e-18
threshold=1.0000000180025095e-35 78.60195360195361 0.57267080745341625 0.48161665314949992 1.0000000180025095e-35 7.5000000000000009 36.500000000000007 96.464019851116646 0.4096973258889216 95.500000000000014 0.62028634805404326 0.4676372015081694 0.53896761133603255 2.5000000000000004 0.36074023998647969 0.36018018018018022
decision_type=2 2 2 2 2 2 2 2 2 2 2 2 2 2 2 2
left_child=1 14 3 4 9 8 13 -8 -5 11 12 -2 -7 -6 15 -1
right_child=2 -3 -4 5 6 10 7 -9 -10 -11 -12 -13 -14 -15 -16 -17
leaf_value=-0.050000695728407929 -0.051248287841453535 49.775877428386245 0.40934803977350481 -0.12321029380702267 -0.051294329354828139 -0.050001964329239437 -0.050001381368955072 0.053624981662906593 -0.10492868079466074 -0.068573265813039727 -0.079719430115706993 -0.060628420709293779 -0.061819826061483611 -0.050001238671030845 -0.050001063743128599 -0.050000693528280064
leaf_weight=0.0010153451630684476 0.69079861434256706 0.0010034946073673723 0.20820923722931173 0.24112829566001864 0.02459663338959206 0.004075929016663731 0.014159374355585896 0.063029147684574127 0.2495923613150452 0.20108647175579519 0.46748037636977802 0.14654738260220901 0.15464134514331943 0.0074577078630682072 0.0010101761517944396 0.0010120092165379901
leaf_count=74 18361 162 277 5 1 870 515 1 85 217 19 180 19 388 250 111
internal_value=-0.0100696 12.3231 -0.0302243 -0.0706391 -0.0496996 -0.0921552 0.00949615 0.0346159 -0.113912 -0.0559269 -0.0751056 -0.0528899 -0.0615163 -0.0509935 -0.0500008 -0.0500007
internal_weight=2.47684 0.00404103 2.4728 2.26459 1.14768 1.11692 0.109243 0.0771885 0.490721 1.03843 0.626198 0.837346 0.158717 0.0320543 0.00303753 0.00202735
internal_count=21535 597 20938 20661 19663 998 905 516 90 18758 908 18541 889 389 435 185
is_linear=0
shrinkage=0.05


Tree=52
num_leaves=16
num_cat=0
split_feature=42 8 42 42 45 45 44 7 3 18 45 24 5 20 20
split_gain=1.89303e+06 3.54262e+06 22.5486 943.527 4.85153 0.349877 0.196507 0.0912226 0.0776256 0.0362209 0.0116374 0.00586915 2.75959e-06 3.42356e-07 5.79051e-15
threshold=0.9956140350877194 63.510737628384696 0.92518656716417924 0.93039405684754539 77.010211267605655 41.556768915079452 36.500000000000007 96.464019851116646 7.5000000000000009 0.62028634805404326 42.000000000000014 0.1320706471668939 0.94028520499108736 0.50725247004414553 0.43649167733674782
decision_type=2 2 2 2 2 2 2 2 2 2 2 2 2 2 2
left_child=2 -2 4 -4 5 6 9 -8 10 -1 -7 -10 13 14 -5
right_child=1 -3 3 12 -6 8 7 -9 11 -11 -12 -13 -14 -15 -16
leaf_value=-0.054270776321320074 -0.050000841768776172 -3674.2602705578356 48.27478720767057 -0.050000635108270013 0.18959355325735994 -0.11472166773830988 -0.050000941060268346 0.0534356707173562 -0.050107086427467862 -0.076626894305578785 -0.099407966871258246 -0.079919390375662563 -0.050945633879529911 -0.050401476434561013 -0.050000758718556595
leaf_weight=0.9016417891832782 0.0018823715845427405 0.0010070191219879732 0.0010346656906678525 0.0153379251970307 0.19459019449696269 0.24588951989040347 0.033011286862339673 0.060162198230425901 0.017112968049937838 0.22673997282981873 0.25039384511386742 0.46787387132644653 0.018217261775445692 0.0079020921557138024 0.0010095752722036255
leaf_count=14253 280 317 262 2296 48 5 2013 2 1534 5 145 49 6 63 257
internal_value=-1.54331 -1280.6 -0.0292493 1.09892 -0.04972 -0.0708602 -0.0530004 0.0167882 -0.0930933 -0.0587631 -0.106995 -0.0788675 -0.0504806 -0.0501313 -0.0500006
internal_weight=2.44381 0.00288939 2.44092 0.0435015 2.39742 2.20283 1.22156 0.0931735 0.98127 1.12838 0.496283 0.484987 0.0424669 0.0242496 0.0163475
internal_count=21535 597 20938 2884 18054 18006 16273 2015 1733 14258 150 1583 2622 2616 2553
is_linear=0
shrinkage=0.05


Tree=53
num_leaves=19
num_cat=0
split_feature=42 42 45 45 45 44 9 3 18 45 17 24 3 4 15 15 1 23
split_gain=227577 7.16783e+06 959.219 4.23208 0.285508 0.184859 0.0865739 0.0584909 0.029826 0.00838013 0.00571741 0.00476341 0.000425396 2.39743e-06 2.96546e-07 1.23527e-07 1.08352e-12 2.46088e-14
threshold=0.92518656716417924 0.93127066603684472 37.328935379137 77.010211267605655 41.556768915079452 36.500000000000007 0.93750000000000011 7.5000000000000009 0.62028634805404326 42.000000000000014 0.45843495934959355 0.1320706471668939 12.500000000000002 94.028520499108751 0.50725247004414553 0.53896761133603255 1.0000000180025095e-35 23.500000000000004
decision_type=2 2 2 2 2 2 2 2 2 2 2 2 2 2 2 2 2 2
left_child=3 -2 13 4 5 8 16 9 10 -6 -1 15 -13 14 17 -9 -7 -3
right_child=1 2 -4 -5 7 6 -8 11 -10 -11 -12 12 -14 -15 -16 -17 -18 -19
leaf_value=-0.051230574925331895 -3663.2606602950345 -0.050000833137647388 49.107055749113442 0.16501102864657791 -0.10770696980981415 -0.050000652552909121 0.053256898506429208 -0.050000576027245017 -0.074662776273541495 -0.094739232034516702 -0.059910230988330516 -0.079124271207253571 -0.076075817920203306 -0.050898663741202027 -0.050381740157709132 -0.050289121925031155 -0.050001250167796045 -0.050000611653926746
leaf_weight=0.57826469458046492 0.0013785467998348169 0.0013728194913653546 0.0010171479673248057 0.21189649825296619 0.24872601495986221 0.018589365754899778 0.057415300800077063 0.010563805227753464 0.22120945155620575 0.24961170993473716 0.28237790366347515 0.23259782791137695 0.22527588903903961 0.017344315817307887 0.00751957157626748 0.0057161990553140632 0.012811969076210517 0.014518202895928312
leaf_count=13638 357 323 345 48 5 1498 2 1488 5 145 615 16 33 4 17 46 515 2435
internal_value=-2.13305 -115.922 1.14653 -0.048152 -0.0692277 -0.0525944 0.0167499 -0.0892505 -0.0582873 -0.101212 -0.0540784 -0.0766794 -0.0776244 -0.0504531 -0.050123 -0.0501019 -0.0500009 -0.0500006
internal_weight=2.39821 0.0431506 0.0417721 2.35506 2.14316 1.17067 0.0888166 0.972491 1.08185 0.498338 0.860643 0.474154 0.457874 0.0407549 0.0234106 0.01628 0.0314013 0.015891
internal_count=21535 3481 3124 18054 18006 16273 2015 1733 14258 150 14253 1583 49 2779 2775 1534 2013 2758
is_linear=0
shrinkage=0.05


Tree=54
num_leaves=17
num_cat=0
split_feature=42 45 42 11 25 45 43 9 15 25 3 23 3 15 23 3
split_gain=194783 7.16898e+06 149.619 841.935 3.89283 0.238447 0.173919 0.0821722 0.0426895 0.0246788 0.0060849 0.00337828 2.00991e-06 2.51052e-07 2.32384e-14 2.21524e-15
threshold=0.93369963369963382 36.646581010452969 0.92340286831812268 0.86159003831417635 0.30469910031816122 41.556768915079452 36.500000000000007 0.93750000000000011 0.47910604120591321 0.22701057769861785 6.5000000000000009 95.500000000000014 2.5000000000000004 0.50725247004414553 23.500000000000004 37.500000000000007
decision_type=2 2 2 2 2 2 2 2 2 2 2 2 2 2 2 2
left_child=2 12 4 -4 5 6 9 -8 11 -1 -10 -7 -2 14 -14 -16
right_child=1 -3 3 -5 -6 8 7 -9 10 -11 -12 -13 13 -15 15 -17
leaf_value=-0.053870060143497212 -0.050854068684300903 -4185.8328970623043 49.555854814789249 -0.050264682182634551 0.15345258049379962 -0.050002699699877223 -0.050000852448612014 0.053087973808163103 -0.10181590267852476 -0.072883486650509394 -0.090754459288797343 -0.075942732733280074 -0.050000811347166885 -0.050362982235199263 -0.050000575392977947 -0.050000651887927842
leaf_weight=0.82090348051082096 0.01651252614973242 0.0010511773097718882 0.001007945526111941 0.0056502397692383965 0.21966604888439212 0.012911249819855364 0.029869899872061345 0.05478451328186118 0.24992047250270844 0.21545821312436308 0.24740540981292725 0.45044203019772044 0.001197725116952598 0.0071554346941411487 0.012169078171751835 0.0010262000270131475
leaf_count=14092 4 390 434 131 77 1424 2012 2 12 56 221 70 295 15 2186 114
internal_value=-1.90013 -112.547 -0.0250817 7.45933 -0.0467352 -0.0678596 -0.0521942 0.0167136 -0.0861395 -0.0578229 -0.0963132 -0.0752199 -0.050439 -0.0501209 -0.0500006 -0.0500006
internal_weight=2.34713 0.0391121 2.30802 0.00665819 2.30136 2.0817 1.12102 0.0846544 0.960679 1.03636 0.497326 0.463353 0.038061 0.0215484 0.014393 0.0131953
internal_count=21535 3004 18531 565 17966 17889 16162 2014 1727 14148 233 1494 2614 2610 2595 2300
is_linear=0
shrinkage=0.05


Tree=55
num_leaves=20
num_cat=0
split_feature=42 42 42 22 19 19 23 3 7 15 17 23 9 4 3 15 23 23 6
split_gain=226374 1.57191e+06 589.624 4.18871 0.222509 0.10355 0.0537021 0.0517448 0.0402092 0.0301492 0.000601841 0.000218163 4.77738e-05 2.04098e-06 1.61887e-06 2.06784e-07 7.47802e-13 1.74045e-14 2.70443e-15
threshold=0.92340286831812268 0.93369963369963382 0.9956140350877194 0.19139194139194141 1.0000000180025095e-35 0.48140740740740745 36.500000000000007 13.500000000000002 96.464019851116646 0.47910604120591321 0.45843495934959355 18.500000000000004 0.93750000000000011 94.028520499108751 2.5000000000000004 0.50725247004414553 25.500000000000004 84.500000000000014 68.665707606545595
decision_type=2 2 2 2 2 2 2 2 2 2 2 2 2 2 2 2 2 2 2
left_child=3 -2 14 4 6 11 13 9 17 -7 -9 -6 -13 16 -3 18 -1 -8 -16
right_child=1 2 -4 -5 5 7 8 10 -10 -11 -12 12 -14 -15 15 -17 -18 -19 -20
leaf_value=-0.050002173314341571 -910.36794336592766 -0.05081172186470604 30.810838038490164 0.16748343886238481 -0.053784831081915334 -0.075292717715613369 -0.050001158077636387 -0.050165516277341608 0.052928362967199431 -0.091483552870685492 -0.058936172971854009 -0.050000560796079146 -0.05110229766404667 -0.051048462125917737 -0.050000475864753535 -0.050345155697916956 -0.050000740405023038 -0.050000992031023206 -0.050000558384517703
leaf_weight=0.0011166584026799367 0.0054376620711579218 0.015719961989994147 0.0016201763141907568 0.20941264951618732 0.066585420138071005 0.67431500107780118 0.0097084798981086351 0.021159486043295095 0.052265845239162445 0.50126445200294256 0.25866795382978525 0.1531453978972781 0.27522782202143592 0.020116761326789856 0.001091119898120497 0.0068088094703853122 0.0049322923432555399 0.001884300356323366 0.010979759822731694
leaf_count=55 565 6 597 65 23 517 420 1084 1 103 399 14829 41 1 747 60 333 95 1594
internal_value=-2.18394 -117.676 1.33004 -0.0454741 -0.0673307 -0.0708781 0.00952309 -0.0775967 0.0342427 -0.0821965 -0.058273 -0.0511223 -0.0507084 -0.0508063 -0.0504369 -0.0501248 -0.050001 -0.0500011 -0.0500006
internal_weight=2.29146 0.0416575 0.0362198 2.2498 2.04039 1.95037 0.0900243 1.45541 0.0638586 1.17558 0.279827 0.494959 0.428373 0.0261657 0.0345997 0.0188797 0.00604895 0.0115928 0.0120709
internal_count=21535 3569 3004 17966 17901 16996 905 2103 516 620 1483 14893 14870 389 2407 2401 388 515 2341
is_linear=0
shrinkage=0.05


Tree=56
num_leaves=16
num_cat=0
split_feature=42 42 42 45 45 1 45 23 7 22 15 4 3 15 45
split_gain=8.42977e+06 9.37689e+06 31.7766 928.953 4.06732 0.207143 0.100917 0.0509992 0.0381553 0.0320557 0.0190693 1.75341e-06 1.1716e-06 1.56402e-07 2.21177e-15
threshold=0.97402159244264519 0.97633053221288524 0.92518656716417924 34.664414414414424 77.010211267605655 1.0000000180025095e-35 41.556768915079452 36.500000000000007 96.464019851116646 0.19139194139194141 0.47910604120591321 94.028520499108751 2.5000000000000004 0.50725247004414553 26.35807716084074
decision_type=2 2 2 2 2 2 2 2 2 2 2 2 2 2 2
left_child=2 -2 4 12 5 6 9 11 -9 -1 -8 -7 -4 14 -14
right_child=1 -3 3 -5 -6 7 10 8 -10 -11 -12 -13 13 -15 -16
leaf_value=-0.053517774584151051 -0.050000520872944626 -6647.2698968995337 -0.050771509520447095 48.020246082628162 0.16332839813183753 -0.050000956416880994 -0.074152034673127837 -0.050001075344973549 0.052777400432369531 -0.075159417359218966 -0.088404330515687871 -0.050996283119283219 -0.050000457908493501 -0.050328212126871497 -0.050000535796741907
leaf_weight=0.73865152454751437 0.0011201375211555575 0.0010079401734736351 0.01496483519544245 0.0010401444455965239 0.21316221610008557 0.005753945371907431 0.45100839937151005 0.011027405169443227 0.049855425953865051 0.22269155085087444 0.48933577537536621 0.019154740497469902 0.0010416418064806976 0.0064788656309247026 0.0072728084140294413
leaf_count=15348 202 807 2 502 48 388 1472 515 1 20 261 1 904 12 1052
internal_value=-3.02162 -3148.43 -0.0219113 1.57302 -0.0442326 -0.0664941 -0.0699226 0.00950367 0.0341616 -0.058531 -0.0815686 -0.0507664 -0.0504596 -0.050144 -0.0500005
internal_weight=2.23357 0.00212808 2.23144 0.0307983 2.20064 1.98748 1.90169 0.0857915 0.0608828 0.961343 0.940344 0.0249087 0.0297582 0.0147933 0.00831445
internal_count=21535 1009 20526 2472 18054 18006 17101 905 516 15368 1733 389 1970 1968 1956
is_linear=0
shrinkage=0.05


Tree=57
num_leaves=21
num_cat=0
split_feature=42 45 22 16 45 43 7 15 3 17 11 9 15 4 3 15 43 43 45 15
split_gain=342432 9.62216e+06 16.0187 0.191986 0.10864 0.0484364 0.036211 0.0157599 0.00309069 0.00304248 0.0011584 8.52457e-05 2.31792e-05 1.5065e-06 1.01088e-06 1.34972e-07 5.53021e-13 1.29879e-14 1.93248e-15 3.59955e-16
threshold=0.93369963369963382 33.644662228796847 0.19139194139194141 1.0000000180025095e-35 41.556768915079452 36.500000000000007 96.464019851116646 0.47910604120591321 6.5000000000000009 0.45843495934959355 0.78647416413373872 0.93750000000000011 0.53896761133603255 94.028520499108751 2.5000000000000004 0.50725247004414553 25.500000000000004 84.500000000000014 26.35807716084074 0.36408419167039863
decision_type=2 2 2 2 2 2 2 2 2 2 2 2 2 2 2 2 2 2 2 2
left_child=2 14 3 5 9 13 17 10 -9 11 -6 -5 -11 16 -2 18 -1 -7 -16 -20
right_child=1 -3 -4 4 7 6 -8 8 -10 12 -12 -13 -14 -15 15 -17 -18 -19 19 -21
leaf_value=-0.050001967106390204 -0.050733317424927704 -4935.2700370873772 0.38758281169109238 -0.050029456906850192 -0.050001825597691313 -0.050001046684290389 0.052634619588166488 -0.089094947607000347 -0.081091141139919914 -0.057412567919287172 -0.073493566467841373 -0.051467472116298485 -0.058393466374539904 -0.050946753539216252 -0.050000433154933147 -0.050312100819165366 -0.050000671687893995 -0.050000895898329893 -0.050000514002688505 -0.050000489992401503
leaf_weight=0.0010103994891336168 0.014245416969060787 0.0010232573142818771 0.21695712235349796 0.1546170250737105 0.0052897377294941475 0.0087846150181576377 0.047549344599246979 0.24625468254089355 0.23640672862529755 0.11793833188343733 0.6600561530866963 0.30906201632891417 0.12307869642973035 0.018237819895148277 0.0010563089166737427 0.0061648110859096059 0.0044629276690102415 0.0017049884463631324 0.0045351078120177135 0.0023738758851266084
leaf_count=55 1 763 68 15119 765 420 1 13 234 623 745 39 20 1 1075 14 333 95 675 476
internal_value=-2.33588 -171.826 -0.0198106 -0.0655015 -0.0688103 0.00948527 0.0340849 -0.0782965 -0.0851747 -0.0533566 -0.0733068 -0.050988 -0.0579135 -0.0507284 -0.0504361 -0.0501364 -0.0500009 -0.050001 -0.0500005 -0.0500005
internal_weight=2.18081 0.0293988 2.15141 1.93445 1.8527 0.0817501 0.0580389 1.14801 0.482661 0.704696 0.665346 0.463679 0.241017 0.0237111 0.0283755 0.0141301 0.00547333 0.0104896 0.00796529 0.00690898
internal_count=21535 3004 18531 18463 17558 905 516 1757 247 15801 1510 15158 643 389 2241 2240 388 515 2226 1151
is_linear=0
shrinkage=0.05


Tree=58
num_leaves=20
num_cat=0
split_feature=42 45 25 15 16 23 7 23 15 10 23 9 4 3 15 23 23 45 15
split_gain=145.677 3791.43 3.96279 0.184908 0.0740191 0.046006 0.0343699 0.018698 0.0181436 0.000259103 0.000137869 3.00479e-05 1.29448e-06 8.03883e-07 1.08775e-07 1.9783e-13 1.09895e-14 1.59334e-15 2.45463e-16
threshold=0.92518656716417924 32.402623906705543 0.30469910031816122 1.0000000180025095e-35 0.48140740740740745 36.500000000000007 96.464019851116646 22.500000000000004 0.53896761133603255 1.5000000000000002 18.500000000000004 0.93750000000000011 94.028520499108751 2.5000000000000004 0.50725247004414553 26.500000000000004 84.500000000000014 26.35807716084074 0.36408419167039863
decision_type=2 2 2 2 2 2 2 2 2 2 2 2 2 2 2 2 2 2 2
left_child=2 13 3 5 10 12 16 9 -9 -6 -5 -12 15 -2 17 -1 -7 -15 -19
right_child=1 -3 -4 4 7 6 -8 8 -10 -11 11 -13 -14 14 -16 -17 -18 18 -20
leaf_value=-0.050001280322173602 -0.050697043926607413 98.438303952952737 0.16089668988654895 -0.053229792963149218 -0.057193777293352691 -0.05000099466344237 0.052499532118214287 -0.078502144422120002 -0.057917380990335422 -0.050259042516724986 -0.050000481762953242 -0.050943385547033142 -0.050899727350144509 -0.050000412761314839 -0.050296787234123501 -0.050000635628919411 -0.050000852442771651 -0.050000487553528608 -0.050000463873435597
leaf_weight=0.001840730434197079 0.013560110703110584 0.0010153489856747902 0.21418762207031261 0.058002249197587674 0.10995865613222067 0.0083561924839159474 0.045343779027462006 1.1518242472533167 0.11801403015852052 0.015349837229110541 0.13132668368041056 0.23692625837270986 0.017363974824547768 0.0010047925197795848 0.0058658900670707226 0.0033656640252957004 0.001621836552658352 0.0040603925146740494 0.0014962903777302472
leaf_count=124 1 1100 77 23 11 420 1 1903 25 157 14912 41 1 1253 15 264 95 737 375
internal_value=0.00364328 3.6529 -0.0429813 -0.0659731 -0.0691993 0.00946783 0.0340122 -0.0747707 -0.0765891 -0.0563443 -0.050964 -0.0506071 -0.0506924 -0.0504308 -0.0501403 -0.0500009 -0.050001 -0.0500005 -0.0500005
internal_weight=2.14048 0.0270028 2.11348 1.89929 1.8214 0.0778922 0.0553218 1.39515 1.26984 0.125308 0.426255 0.368253 0.0225704 0.0259875 0.0124274 0.00520639 0.00997803 0.00656148 0.00555668
internal_count=21535 3481 18054 17977 17072 905 516 2096 1928 168 14976 14953 389 2381 2380 388 515 2365 1112
is_linear=0
shrinkage=0.05


Tree=59
num_leaves=19
num_cat=0
split_feature=42 45 21 17 16 23 7 23 15 23 9 3 4 15 23 23 45 15
split_gain=474879 1.11863e+07 18.1787 0.175275 0.068338 0.0437009 0.0326261 0.017478 0.016998 0.000118081 2.58215e-05 1.11236e-06 6.27775e-07 8.56931e-08 1.69646e-13 9.40914e-15 1.32446e-15 1.38778e-16
threshold=0.93369963369963382 31.35241935483872 0.57267080745341625 1.0000000180025095e-35 0.48140740740740745 36.500000000000007 96.464019851116646 22.500000000000004 0.53896761133603255 18.500000000000004 0.93750000000000011 2.5000000000000004 94.028520499108751 0.50725247004414553 26.500000000000004 84.500000000000014 26.575962151409723 0.36074023998647969
decision_type=2 2 2 2 2 2 2 2 2 2 2 2 2 2 2 2 2 2
left_child=2 12 3 5 9 11 15 -6 -9 -5 -11 -1 13 16 -13 -7 -2 -18
right_child=1 -3 -4 4 7 6 -8 8 -10 10 -12 14 -14 -15 -16 -17 17 -19
leaf_value=-0.050855072582975364 -0.05000039583867523 -5351.7775192824265 0.43914582811336739 -0.053062547991681898 -0.055997372700307801 -0.050000948093126552 0.052371689768482589 -0.077782530933628344 -0.057471852144811909 -0.050000456779873748 -0.050896638819757513 -0.050001219899292064 -0.050662584498397056 -0.050282226814821418 -0.050000607779446093 -0.050000813171091764 -0.050000464677205342 -0.050000443547680587
leaf_weight=0.016531260684132465 0.0010125212625667832 0.0010183627587203653 0.19701162135515904 0.055342948161586469 0.11990031011574442 0.0079486633094347781 0.043234962970018387 1.1542857697235382 0.11310657858848649 0.12487016583043076 0.22557300406980696 0.0017509590716144876 0.012907328084111214 0.0055813821963965893 0.0032015205551942927 0.0015427398730025752 0.0031829471176934021 0.0010276466156255992
leaf_count=1 1090 1140 253 26 123 420 1 1820 12 15351 41 124 1 11 264 95 511 251
internal_value=-2.62691 -220.429 -0.0176528 -0.0658482 -0.0689646 0.00945131 0.0339433 -0.0742438 -0.0759699 -0.0509163 -0.0505773 -0.0506581 -0.0504272 -0.050146 -0.0500008 -0.0500009 -0.0500004 -0.0500005
internal_weight=2.08903 0.0247302 2.0643 1.86729 1.79308 0.0742101 0.0527264 1.38729 1.26739 0.405786 0.350443 0.0214837 0.0237118 0.0108045 0.00495248 0.0094914 0.00522311 0.00421059
internal_count=21535 3004 18531 18278 17373 905 516 1955 1832 15418 15392 389 1864 1863 388 515 1852 762
is_linear=0
shrinkage=0.05


Tree=60
num_leaves=16
num_cat=0
split_feature=23 45 21 25 23 7 23 43 8 9 23 4 15 23 23
split_gain=67.4043 4.18994 0.16848 0.0635955 0.0408845 0.0309741 0.0185845 0.0141422 0.00160576 2.27767e-05 4.391e-06 8.85711e-07 2.27227e-07 8.16361e-15 3.46945e-18
threshold=18.500000000000004 77.010211267605655 1.0000000180025095e-35 0.095701094793509703 36.500000000000007 96.464019851116646 23.500000000000004 13.500000000000002 86.425061425061429 0.93750000000000011 32.500000000000007 94.028520499108751 0.50725247004414553 84.500000000000014 26.500000000000004
decision_type=2 2 2 2 2 2 2 2 2 2 2 2 2 2 2
left_child=-1 2 4 9 11 13 7 -5 -8 12 -11 14 -4 -6 -2
right_child=1 -3 3 6 5 -7 8 -9 -10 10 -12 -13 -14 -15 -16
leaf_value=1.7025690872212604 -0.050000576170140726 0.17130378085980569 -0.050000431132395898 -0.056534487132434336 -0.050000902384574365 0.052250680497559536 -0.079286891134106224 -0.074521416901191948 -0.074407795630027918 -0.050606301143089588 -0.051046916788341369 -0.050812677169703203 -0.050243808087876853 -0.050000773519471832 -0.050000579420238049
leaf_weight=0.05697120007078238 0.0012226404714975594 0.2073121796429932 0.12415605686776365 0.2163891940431204 0.0075610094045259757 0.041219212114810944 0.70641211834045914 0.22077678143978119 0.22151122027802594 0.10651257990195351 0.12052725674134201 0.015737811103463173 0.010393357675638981 0.0014675005977551336 0.0030453822282652254
leaf_count=158 106 48 18140 315 420 1 1615 3 304 25 23 1 17 95 264
internal_value=0.00667069 -0.0415357 -0.066091 -0.0691792 0.00981039 0.0338781 -0.0741178 -0.0656182 -0.0781222 -0.0505347 -0.0508402 -0.0506394 -0.0500192 -0.0500009 -0.0500006
internal_weight=2.06122 2.00424 1.79693 1.72668 0.0702536 0.0502477 1.36509 0.437166 0.927923 0.361589 0.22704 0.0200058 0.134549 0.00902851 0.00426802
internal_count=21535 21377 21329 20442 887 516 2237 318 1919 18205 48 371 18157 515 370
is_linear=0
shrinkage=0.05


Tree=61
num_leaves=21
num_cat=0
split_feature=42 45 25 45 44 16 7 5 15 44 42 15 9 5 5 15 44 44 6 46
split_gain=184.118 3646 3.9184 0.152577 0.0421953 0.037352 0.0294088 0.0150863 0.0132452 0.00862012 0.0026684 0.000192307 1.72971e-05 1.06381e-06 4.08131e-07 5.44761e-08 1.30616e-10 7.09328e-15 8.43076e-16 4.03323e-17
threshold=0.92518656716417924 30.102077205882356 0.30469910031816122 1.0000000180025095e-35 36.500000000000007 0.48140740740740745 96.464019851116646 0.50820554210384727 0.53896761133603255 5.5000000000000009 0.78979857050032498 0.49444375848870237 0.93750000000000011 0.94028520499108736 0.94028520499108736 0.50725247004414553 18.500000000000004 84.500000000000014 73.413406214039142 85.812414383561659
decision_type=2 2 2 2 2 2 2 2 2 2 2 2 2 2 2 2 2 2 2 2
left_child=2 14 3 4 13 9 17 11 -9 10 -5 -7 -11 16 15 18 -1 -6 -2 -20
right_child=1 -3 -4 5 6 7 -8 8 -10 12 -12 -13 -14 -15 -16 -17 -18 -19 19 -21
leaf_value=-0.050015204899888421 -0.05000036168520551 95.76350458888443 0.15993537107475159 -0.066046825542558016 -0.050000856793344185 -0.050905541909685492 0.052136099418890892 -0.075323583270993741 -0.056666776957874046 -0.050000513430006416 -0.050207211939709534 -0.056070800546763146 -0.050823728316214858 -0.050772414779998068 -0.050598770704779653 -0.050253637413845358 -0.050000547696721555 -0.050000733625856143 -0.050000407686123086 -0.05000042031504405
leaf_weight=0.0024295781040571942 0.0010051515246515264 0.0010436942056912804 0.21489109098911297 0.18463154328583131 0.0071922609386092518 0.022154800457771517 0.039292920380830765 1.1381836591926375 0.10380753874778825 0.095266172063080634 0.031062306236880333 0.096547834575176239 0.19324787893750806 0.014981840737164021 0.011693662963807583 0.0050216438248753548 0.0040598710638732882 0.0013959308762423461 0.0010423267820129922 0.0016325296084147567
leaf_count=18 1194 1583 77 4 420 496 1 1461 48 12409 2525 91 38 1 1 11 370 95 370 322
internal_value=0.00337596 4.61401 -0.0426179 -0.065121 0.00769962 -0.0678291 0.0338163 -0.0721366 -0.0737642 -0.0562046 -0.0637657 -0.0551068 -0.0505519 -0.0505408 -0.0504058 -0.0501465 -0.050006 -0.0500008 -0.0500004 -0.0500004
internal_weight=2.17058 0.021439 2.14915 1.93425 0.0693524 1.8649 0.0478811 1.36069 1.24199 0.504208 0.215694 0.118703 0.288514 0.0214713 0.0203953 0.00870165 0.00648945 0.00858819 0.00368001 0.00267486
internal_count=21535 3481 18054 17977 905 17072 516 2096 1509 14976 2529 587 12447 389 1898 1897 388 515 1886 692
is_linear=0
shrinkage=0.05


Tree=62
num_leaves=23
num_cat=0
split_feature=43 10 45 45 10 23 43 43 32 23 18 45 20 45 23 16 20 20 23 43 1 45
split_gain=625898 3.32078e+06 4.9016e+06 28150.4 984.911 7970.16 49930.9 259.637 21027.5 88278.9 720.128 3.79235 0.148997 0.0442275 0.0414663 0.0119567 0.000157344 4.49881e-06 6.0395e-11 7.92075e-14 5.21701e-14 7.97973e-16
threshold=2.5000000000000004 4.5000000000000009 28.351245210727974 29.317176024638716 14.500000000000002 53.500000000000007 13.500000000000002 4.5000000000000009 -1.0000000180025095e-35 35.500000000000007 0.4770979020979022 77.010211267605655 1.0000000180025095e-35 41.556768915079452 36.500000000000007 0.57193223443223451 0.49444375848870237 0.47910604120591321 18.500000000000004 36.500000000000007 1.0000000180025095e-35 36.4915948915949
decision_type=2 2 2 2 2 2 2 2 2 2 2 2 2 2 2 2 2 2 2 2 2 2
left_child=1 3 -3 -1 7 17 -7 8 9 10 -2 12 14 -14 -9 16 -10 18 -6 -20 21 -8
right_child=4 2 -4 -5 5 6 20 11 15 -11 -12 -13 13 -15 -16 -17 -18 -19 19 -21 -22 -23
leaf_value=-0.050547268198966058 -0.050001208070559959 -0.050000375370877315 -4654.6859927224086 -143.08847077582695 -0.05001130958341049 -368.73013461690243 -0.050000394636002622 -0.050559346652494466 -0.050364413756474047 -497.01463460680338 49.919182078743887 0.15992863742784202 -0.056407285738220292 -0.074573138360238753 0.038441877307842875 -0.075197891670210987 -0.05573977700864368 -0.050971229924339938 -0.050000392142167074 -0.050000766104132344 -0.050000767639746806 -0.050000344763523899
leaf_weight=0.011576544896172894 0.0025803333774092854 0.0012688352656633475 0.0010204879625018703 0.0048937963941528681 0.0013238098472356649 0.0010849513246167213 0.0038851077105673593 0.018773707844957355 0.015966867665803075 0.0011067185914726001 0.0010006158613621603 0.21570954167754575 0.53858791082880042 0.88664565887990976 0.043205671305258875 0.22280395030975342 0.092370733618736267 0.018691467075338863 0.030277337043039629 0.0014855038921268706 0.0010843230884347577 0.0010112866349831725
leaf_count=540 398 870 1249 276 11 230 528 254 680 305 34 47 9791 1225 361 4 25 151 4180 101 71 204
internal_value=-3.04209 -290.567 -2074.9 -42.5511 -0.470631 -6.84797 -56.6618 -0.286564 -1.55717 -106.713 13.9128 -0.0359913 -0.0644081 -0.0677084 0.0114832 -0.0685727 -0.0549476 -0.0503511 -0.0500008 -0.0500004 -0.0500005 -0.0500004
internal_weight=2.11636 0.0187597 0.00228932 0.0164703 2.0976 0.0588438 0.00706567 2.03875 0.335829 0.00468767 0.00358095 1.70292 1.48721 1.42523 0.0619794 0.331142 0.108338 0.0517781 0.0330867 0.0317628 0.00598072 0.00489639
internal_count=21535 2935 2119 816 18600 5476 1033 13124 1446 737 432 11678 11631 11016 615 709 705 4443 4292 4281 803 732
is_linear=0
shrinkage=0.05


Tree=63
num_leaves=18
num_cat=0
split_feature=23 42 32 25 7 5 21 21 23 16 16 20 3 6 25 25 20
split_gain=2091.86 511.086 8324.1 135055 25.1738 965.185 3.75819 0.137214 0.0377797 0.0240838 0.00310545 3.27393e-06 3.83592e-07 3.73196e-07 1.41985e-12 6.53522e-13 1.12757e-16
threshold=17.500000000000004 0.88836967808930434 -1.0000000180025095e-35 0.059358297392903416 42.644808743169406 0.58776844070961731 0.57267080745341625 1.0000000180025095e-35 36.500000000000007 0.48140740740740745 0.57193223443223451 0.47910604120591321 1.0000000180025095e-35 97.182539682539684 0.10134188579983901 0.04218417424047901 0.36626690838097897
decision_type=2 2 2 2 2 2 2 2 2 2 2 2 2 2 2 2 2
left_child=-1 4 3 13 5 11 7 8 -6 -9 12 14 -4 16 -2 -14 -3
right_child=1 2 10 -5 6 -7 -8 9 -10 -11 -12 -13 15 -15 -16 -17 -18
leaf_value=51.68005928071674 -0.050000398613273073 -0.050000361327911608 -0.050517996459078632 -599.91266137784521 -0.05052560986681888 -49.56837463695814 0.15974780658592322 -0.056153499408894053 0.035606241913801059 -0.07028323020166645 -0.073372559125281997 -0.050922966815560147 -0.050000359144995336 -0.050541169168057266 -0.050002316807457675 -0.050001769353341718 -0.050000344809785206
leaf_weight=0.0019331116245292481 0.019916903152255225 0.0030008206549751925 0.010148608764740941 0.001000228941792144 0.018077661647111332 0.0010097262024828515 0.21505526657711005 0.41991208332729724 0.04304769941518316 1.0701410621491385 0.21707454323768616 0.017796266824007034 0.0045337866596355516 0.010592848993837833 0.0010138155781262105 0.0010033642545153043 0.0015636605611888399
leaf_count=97 2708 1324 5 704 296 148 182 10720 428 1576 6 67 1748 4 169 505 848
internal_value=-0.307975 -0.356882 -2.48086 -37.1847 -0.0641327 -1.3087 -0.0361325 -0.0632894 0.010133 -0.0663013 -0.0718201 -0.0504244 -0.0503354 -0.0503783 -0.0500005 -0.0500006 -0.0500004
internal_weight=2.05682 2.05489 0.248918 0.0161576 1.80597 0.0397367 1.76623 1.55118 0.0611254 1.49005 0.23276 0.038727 0.0156858 0.0151573 0.0209307 0.00553715 0.00456448
internal_count=21535 21438 5144 2880 16294 3092 13202 13020 724 12296 2264 2944 2258 2176 2877 2253 2172
is_linear=0
shrinkage=0.05


Tree=64
num_leaves=18
num_cat=0
split_feature=11 23 7 22 43 22 18 45 23 9 7 1 23 16 15 43 15
split_gain=1014.64 4233.74 130.319 866.991 94.6504 16.3281 0.145263 0.0417504 0.0363405 3.66424e-06 2.07846e-12 2.54803e-13 5.5715e-14 2.59888e-14 1.87836e-14 1.21431e-16 5.46438e-17
threshold=0.73557158712541637 18.500000000000004 46.23481781376519 0.037749287749287756 1.5000000000000002 0.19139194139194141 1.0000000180025095e-35 41.556768915079452 36.500000000000007 0.93750000000000011 78.110119047619065 1.0000000180025095e-35 36.500000000000007 0.28600782778864975 0.45293443135619732 30.500000000000004 0.36316533207724921
decision_type=2 2 2 2 2 2 2 2 2 2 2 2 2 2 2 2 2
left_child=1 -1 3 13 -4 6 8 -8 -6 10 11 14 -13 -2 -3 16 -15
right_child=2 9 4 -5 5 -7 7 -9 -10 -11 -12 12 -14 15 -16 -17 -18
leaf_value=-26.469903279751165 -0.050000617871197077 -0.050000341324426927 4.783711438471248 -49.814268797866404 -0.050584373427947874 0.40193165328801062 -0.056021111193621458 -0.073005592118224674 0.041734602918036122 -0.050845011398262391 -0.050002626457013345 -0.050000472677990376 -0.050000797392919995 -0.050000342019847627 -0.050000557926230885 -0.050000357559481637 -0.050000330301235775
leaf_weight=0.018925689429590054 0.0010006193811873511 0.051905603810012212 0.010342945310824248 0.0010047369633366292 0.014691730799313407 0.21112604464106977 0.54434476373426766 1.0790875686954544 0.038842739124447689 0.016343113034963608 0.0010483643086396368 0.0019731007387235868 0.0039970673215066199 0.0033669397472664295 0.0010202296677067407 0.0010184962669912943 0.0014037628746308428
leaf_count=99 115 9824 643 304 137 34 6920 861 227 1 162 211 253 676 596 151 321
internal_value=-0.264429 -5.30168 -0.0128264 -6.46473 0.0136637 -0.0124666 -0.0646383 -0.0673106 0.016399 -0.0501814 -0.0500004 -0.0500004 -0.0500007 -0.0500004 -0.0500003 -0.0500003 -0.0500003
internal_weight=2.00144 0.0952132 1.90623 0.00779456 1.89844 1.88809 1.67697 1.62343 0.0535345 0.0762875 0.0599444 0.058896 0.00597017 0.00678982 0.0529258 0.0057892 0.0047707
internal_count=21535 11146 10389 1567 8822 8179 8145 7781 364 11047 11046 10884 464 1263 10420 1148 997
is_linear=0
shrinkage=0.05


Tree=65
num_leaves=15
num_cat=0
split_feature=23 4 25 42 42 16 23 7 3 18 42 4 4 21
split_gain=15086.4 35225.5 4.26141 0.183132 0.128913 0.0403855 0.031257 0.0278287 0.0102623 0.0101149 0.00848942 4.5643e-07 1.55103e-10 1.99094e-11
threshold=17.500000000000004 55.036231884057983 0.30469910031816122 0.97241248097412492 1.0000000180025095e-35 0.57193223443223451 36.500000000000007 96.464019851116646 5.5000000000000009 0.48161665314949992 0.91715686274509811 94.028520499108751 63.438086303939969 0.38729838709677422
decision_type=2 2 2 2 2 2 2 2 2 2 2 2 2 2
left_child=1 -1 3 4 6 9 11 -8 -5 -6 -7 -2 -10 -14
right_child=2 -3 -4 8 5 10 7 -9 12 -11 -12 -13 13 -15
leaf_value=-277.58324013067715 -0.05000207111741916 19.230527957498321 0.16649161688528141 -0.11150678941548915 -0.054833389798012722 -0.071397883461983544 -0.050000828321972092 0.051805907529002576 -0.050022714243924737 -0.066384419948919873 -0.082463670782903842 -0.050630855063714911 -0.050034472254684749 -0.050042025436700402
leaf_weight=0.0016213068557852026 0.0037704783217159523 0.0026068282313644947 0.21012607216835011 0.24733777344226826 0.52729464708990792 0.63284803884141438 0.0083854548065573908 0.033643919974565506 0.0015880603791771355 0.29586362979162806 0.23869442939758301 0.012304697185754776 0.0010945999391083205 0.004298757512060547
leaf_count=56 380 41 84 33 16989 1487 515 1 751 882 6 1 105 204
internal_value=-0.227673 -94.5847 -0.0477413 -0.0701694 -0.0644165 -0.0669273 0.0088142 0.031494 -0.109819 -0.0589851 -0.0744285 -0.0504834 -0.0500364 -0.0500405
internal_weight=2.22148 0.00422814 2.21725 2.00712 1.75281 1.6947 0.0581046 0.0420294 0.254319 0.823158 0.871542 0.0160752 0.00698142 0.00539336
internal_count=21535 97 21438 21354 20261 19364 897 516 1093 17871 1493 381 1060 309
is_linear=0
shrinkage=0.05


Tree=66
num_leaves=12
num_cat=0
split_feature=42 25 11 11 17 42 16 4 7 9 1
split_gain=385.308 17.472 15.4294 920.87 0.145121 0.12445 0.0291122 0.0278203 0.0215096 2.55426e-06 1.48645e-13
threshold=0.97515432098765442 0.30469910031816122 0.68469785575048747 0.67890835579514841 1.0000000180025095e-35 0.97241248097412492 0.57193223443223451 83.697199810156633 96.464019851116646 0.93750000000000011 1.0000000180025095e-35
decision_type=2 2 2 2 2 2 2 2 2 2 2
left_child=1 2 3 9 7 6 -6 8 -4 10 -1
right_child=-2 -3 4 -5 5 -7 -8 -9 -10 -11 -12
leaf_value=-0.050000312630542977 19.24574503935327 0.37259905141117394 -0.050001591804615143 -46.927688957715226 -0.059136352326278341 -0.10415844827603782 -0.07273594526877622 -0.050559615152407623 0.051714729382638172 -0.050760264517886212 -0.050000619955949538
leaf_weight=0.039778719027974647 0.0025912397798321099 0.22324043512344349 0.0062031494708231208 0.0010666054892827159 0.73522120900455301 0.25338563934364788 0.84670479852899538 0.012551983155390189 0.03205808624625206 0.014753264375030994 0.0043662514381155862
leaf_count=8369 878 84 449 213 9974 114 1011 59 1 1 382
internal_value=-0.0233449 -0.0463616 -0.0944216 -0.884009 -0.0693185 -0.0716262 -0.0664154 0.0140334 0.0352238 -0.0501907 -0.0500003
internal_weight=2.17192 2.16933 1.94609 0.0599648 1.88612 1.83531 1.58193 0.0508132 0.0382612 0.0588982 0.044145
internal_count=21535 20657 20573 8965 11608 11099 10985 509 450 8752 8751
is_linear=0
shrinkage=0.05


Tree=67
num_leaves=17
num_cat=0
split_feature=42 42 25 10 21 1 42 18 15 23 7 45 4 4 6 10
split_gain=1697.56 3218.33 171.296 36.1579 16.9879 0.132853 0.0868759 0.0608097 0.0375046 0.0282212 0.0249151 0.0195068 0.00123232 3.31821e-07 6.95432e-12 1.09357e-14
threshold=0.97515432098765442 0.97575668527769632 0.013697401661980047 6.5000000000000009 0.57267080745341625 1.0000000180025095e-35 0.97241248097412492 0.62028634805404326 0.38479595521849047 36.500000000000007 96.464019851116646 41.556768915079452 56.430934656741108 94.028520499108751 59.390470297029708 14.500000000000002
decision_type=2 2 2 2 2 2 2 2 2 2 2 2 2 2 2 2
left_child=4 -2 -3 -4 5 6 7 11 12 13 15 -1 -5 14 -7 -11
right_child=1 2 3 8 -6 9 -8 -9 -10 10 -12 -13 -14 -15 -16 -17
leaf_value=-0.054431042480491548 -21.460081537854307 -6.3432483925630132 0.051246793662099381 -2.1174871797005026 0.40382666148644442 -0.050005377567509716 -0.098860955215605548 -0.082433454080594604 -2.0550726325279363 -0.050000783588612187 0.051628304633841604 -0.067522418659389863 -2.1033602558438913 -0.050570144899779401 -0.050000406669014841 -0.050000646398613936
leaf_weight=0.55704314480679484 0.02556808820145362 0.023457882431103 0.023738089948893176 0.046110650524497032 0.21039230398855568 0.0010078478462688624 0.25364992459275004 0.47384847700850818 0.047476179897785187 0.0055462456193708922 0.030544353649020195 0.5816840982641599 0.023206403478980064 0.011147221550345421 0.0023307156898242139 0.0019680668192449957
leaf_count=17569 41 323 202 107 272 83 232 20 154 360 1 1659 51 1 305 155
internal_value=-0.426354 -4.96047 -2.38796 -1.72773 -0.0226857 -0.0694526 -0.0716603 -0.0673817 -2.08931 0.00895586 0.0315626 -0.0611184 -2.11276 -0.0504392 -0.0500019 -0.0500007
internal_weight=2.31872 0.189557 0.163989 0.140531 2.12916 1.91877 1.86623 1.61258 0.116793 0.0525445 0.0380587 1.13873 0.0693171 0.0144858 0.00333856 0.00751431
internal_count=21535 878 837 514 20657 20385 19480 19248 312 905 516 19228 158 389 388 515
is_linear=0
shrinkage=0.05


Tree=68
num_leaves=16
num_cat=0
split_feature=15 42 12 15 15 11 3 42 25 25 23 7 15 23 4
split_gain=60.2934 26.9931 29.7563 3.98496 10.6281 2.93827 1.43126 0.133335 0.0538142 0.0344442 0.0268213 0.023669 0.00363828 0.00336699 2.85309e-07
threshold=0.53896761133603255 0.97575668527769632 1.0000000180025095e-35 0.48660607510165038 0.50725247004414553 0.79830508474576278 14.500000000000002 1.0000000180025095e-35 0.015069244240854105 0.015150812269460639 36.500000000000007 96.464019851116646 0.38479595521849047 18.500000000000004 94.028520499108751
decision_type=2 2 2 2 2 2 2 2 2 2 2 2 2 2 2
left_child=1 3 -3 7 -5 6 -4 10 13 -10 14 -12 -8 -9 -1
right_child=-2 2 5 4 -6 -7 12 8 9 -11 11 -13 -14 -15 -16
leaf_value=-0.050001814123247439 1.2950713005093633 -2.160504580821514 -0.053632806932425038 0.66836014626998808 -0.063237105354198617 -0.50755174340215259 -0.29939150493414934 -0.06075092214103598 -0.094871761776419469 -0.074402944603629603 -0.050000713106614636 0.051546372813808319 -0.3068167795634027 -0.050389372617984686 -0.050542027877395083
leaf_weight=0.0031757456372404355 0.074104011058807706 0.022607155144214741 0.063146770000457875 0.069213435053825267 0.17555886264017317 0.17761497199535425 0.41734364628791809 0.14564982213265698 0.24948311762658182 1.166537691397078 0.007147840101424662 0.029099704697728157 0.27281308174133301 0.1698128393004984 0.010609314776957035
leaf_count=388 126 217 81 178 176 145 251 16 46 10345 515 1 134 8915 1
internal_value=-0.113731 -0.148766 -0.36814 -0.0455328 0.143634 -0.324613 -0.28148 -0.0715235 -0.0738487 -0.0780093 0.00894572 0.0315218 -0.302327 -0.0551733 -0.0504176
internal_weight=3.05392 2.97981 0.953526 2.02629 0.244772 0.930918 0.753303 1.78152 1.73148 1.41602 0.0500326 0.0362475 0.690157 0.315463 0.0137851
internal_count=21535 21409 828 20581 354 611 466 20227 19322 10391 905 516 385 8931 389
is_linear=0
shrinkage=0.05


Tree=69
num_leaves=20
num_cat=0
split_feature=22 42 3 25 17 15 15 22 23 9 23 16 3 15 3 6 9 6 41
split_gain=46.5298 10.6319 0.997219 0.652901 0.115101 0.0487516 0.0378986 0.0311668 0.0254919 0.0224867 0.015011 0.00901987 0.00682626 0.00133892 8.07927e-05 2.45334e-07 1.88671e-07 4.5025e-12 8.1957e-15
threshold=0.19139194139194141 0.97575668527769632 14.500000000000002 0.014108799440481714 1.0000000180025095e-35 0.27475490196078439 0.40954368655725271 0.18898809523809526 36.500000000000007 0.93750000000000011 31.500000000000004 0.48140740740740745 1.5000000000000002 0.38479595521849047 19.500000000000004 97.182539682539684 0.93750000000000011 61.543878656554725 14.500000000000002
decision_type=2 2 2 2 2 2 2 2 2 2 2 2 2 2 2 2 2 2 2
left_child=1 4 -3 6 8 10 -4 11 15 18 16 -7 -12 14 -5 17 -6 -1 -10
right_child=-2 2 3 13 5 7 -8 -9 9 -11 12 -13 -14 -15 -16 -17 -18 -19 -20
leaf_value=-0.050004469069082763 0.61315457262430306 -0.053443104381423912 -0.3254312853015886 -0.23576475128831409 -0.050011627889179691 -0.054517535726749028 -0.29327143179410614 -0.081452578375965368 -0.050000710095028392 0.051468686700908567 -0.090843576662109404 -0.064293899620633838 -0.079021277723174646 -0.23896204787028941 -0.23441916394831513 -0.050515317147081067 -0.050369032023413189 -0.050000367166121565 -0.050000585242690909
leaf_weight=0.0010000776246690849 0.2183671447444574 0.060274895280599705 0.26007264852523793 0.16709965467453003 0.0042294250153100945 0.32663056476720709 0.14142350852489471 0.23703724145889293 0.0050184580204586373 0.02772122249007225 0.2474601991440997 0.84964614095157265 0.24102823420273708 0.33091521263122559 0.33559831976890597 0.010097094811499119 0.029088875744491816 0.0020207902748566303 0.0017807824769988656
leaf_count=96 88 265 226 60 640 15524 11 6 360 1 2 2162 1374 165 103 1 4 292 155
internal_value=-0.0935509 -0.140627 -0.25203 -0.261721 -0.0678443 -0.0697345 -0.314103 -0.0649123 0.0089361 0.031483 -0.0827955 -0.0615792 -0.0850103 -0.236492 -0.234866 -0.050397 -0.0503237 -0.0500017 -0.0500007
internal_weight=3.49651 3.27814 1.29538 1.23511 1.98276 1.93512 0.401496 1.41331 0.0476384 0.0345205 0.521807 1.17628 0.488488 0.833613 0.502698 0.013118 0.0333183 0.00302087 0.00679924
internal_count=21535 21447 830 565 20617 19712 237 17692 905 516 2020 17686 1376 328 163 389 644 388 515
is_linear=0
shrinkage=0.05


Tree=70
num_leaves=19
num_cat=0
split_feature=22 42 3 11 15 10 15 22 43 7 15 19 42 15 7 4 4 10
split_gain=37.6092 6.59497 0.563107 0.215716 0.105974 0.0672948 0.0391223 0.0252009 0.0242294 0.0213648 0.0106919 0.00748926 0.00565758 0.000626102 2.63889e-07 2.10962e-07 3.58406e-12 6.90246e-15
threshold=0.19139194139194141 0.97575668527769632 14.500000000000002 0.79830508474576278 1.0000000180025095e-35 6.5000000000000009 0.27475490196078439 0.18898809523809526 36.500000000000007 96.464019851116646 0.26480327230229844 0.48140740740740745 0.97241248097412492 0.38479595521849047 96.464019851116646 94.028520499108751 46.076923076923087 14.500000000000002
decision_type=2 2 2 2 2 2 2 2 2 2 2 2 2 2 2 2 2 2
left_child=1 4 -3 5 8 -4 10 11 15 17 14 -8 -12 -7 -6 16 -1 -10
right_child=-2 2 3 -5 6 13 7 -9 9 -11 12 -13 -14 -15 -16 -17 -18 -19
leaf_value=-0.050004056051643569 0.5086988665343839 -0.053263922857176432 -0.23143660787184217 -0.24892083672900744 -0.050003320607266748 -0.19616951491492884 -0.054317229094925895 -0.078992245327312249 -0.050000674579947349 0.051395007513050144 -0.076476579488875207 -0.063422465786642956 -0.087291272367938336 -0.19879716759723332 -0.050350814011842986 -0.050489926655162387 -0.050000349891517783 -0.050000557100738835
leaf_weight=0.0010010929031531108 0.24893403104795986 0.057523254305124394 0.16936779022216775 0.32103899121284518 0.0074156377197866488 0.56975057721138 0.31181749613812515 0.23231804370880138 0.004773708221364358 0.026406090706586838 0.23905371451120566 0.81903029711218689 0.24474204345278849 0.37650805711746216 0.020753952130382558 0.0096093611791729927 0.0018724502456299655 0.0016939335864663008
leaf_count=93 88 265 7 148 1532 265 15524 6 360 1 478 2162 6 145 4 1 295 155
internal_value=-0.0846294 -0.127884 -0.206662 -0.212804 -0.0665925 -0.20241 -0.0684192 -0.0639932 0.00892697 0.0314462 -0.0802039 -0.0609118 -0.0819475 -0.197215 -0.0502593 -0.0503775 -0.0500016 -0.0500006
internal_weight=3.66361 3.41468 1.49419 1.43667 1.92049 1.11563 1.87513 1.36317 0.0453566 0.0328737 0.511965 1.13085 0.483796 0.946259 0.0281696 0.0124829 0.00287354 0.00646764
internal_count=21535 21447 830 565 20617 417 19712 17692 905 516 2020 17686 484 410 1536 389 388 515
is_linear=0
shrinkage=0.05


Tree=71
num_leaves=15
num_cat=0
split_feature=21 42 21 17 25 17 42 23 25 7 15 16 3 5
split_gain=43.0778 3.91734 0.350202 0.291415 0.134488 0.0944937 0.0362 0.0230304 0.0213024 0.0203002 0.00624908 0.000335443 2.80589e-05 1.81423e-07
threshold=0.57267080745341625 0.97575668527769632 0.36127844712182072 0.50694578429481008 0.014108799440481714 1.0000000180025095e-35 0.97241248097412492 36.500000000000007 0.30469910031816122 96.464019851116646 0.40954368655725271 0.38516016016016019 19.500000000000004 0.94028520499108736
decision_type=2 2 2 2 2 2 2 2 2 2 2 2 2 2
left_child=1 3 -3 5 10 7 8 13 -7 -9 -4 12 -6 -1
right_child=-2 2 4 -5 11 6 -8 9 -10 -11 -12 -13 -14 -15
leaf_value=-0.050001561044012634 0.59389257238774629 -0.053094618223758862 -0.20508696025730427 -0.12291121436264468 -0.17060814212614905 -0.059996508278669584 -0.083753959491223939 -0.050000612749164543 -0.076790203598836454 0.051325119747920617 -0.19395055230809843 -0.17197143402817394 -0.1698957802508208 -0.050465810708910333
leaf_weight=0.0027334030614866176 0.22406609530753474 0.054887879639864079 0.36872211098670926 0.24145010856578109 0.20717966556549072 1.1191232191483087 0.24420895989640112 0.0061522148989752159 0.22716130316257466 0.025151589885354042 0.19133803248405457 0.41242548823356651 0.41537337005138397 0.0091449655592441559
leaf_count=388 285 152 195 265 90 18968 270 515 18 1 23 307 57 1
internal_value=-0.0783512 -0.121082 -0.177272 -0.0716392 -0.181546 -0.0640614 -0.0660428 0.00891829 -0.0628301 0.0314113 -0.201282 -0.170866 -0.170133 -0.050359
internal_weight=3.74912 3.52505 1.64993 1.87513 1.59504 1.63368 1.59049 0.0431822 1.34628 0.0313038 0.56006 1.03498 0.622553 0.0118784
internal_count=21535 21250 824 20426 672 20161 19256 905 18986 516 218 454 147 389
is_linear=0
shrinkage=0.05


Tree=72
num_leaves=23
num_cat=0
split_feature=24 10 45 11 45 15 11 10 23 21 15 44 32 45 24 3 21 44 23 45 21 3
split_gain=42.8059 2.30933 0.308803 0.198657 0.106228 0.0959384 0.0741834 0.0699448 0.0245204 0.0171744 0.0167277 0.00948574 0.00460139 0.00397802 0.00141268 0.00122422 0.00118579 0.0271708 0.00015448 7.19663e-05 6.00544e-06 9.68258e-07
threshold=0.13392627418244371 5.5000000000000009 20.553894175906702 0.76516544117647067 1.0000000180025095e-35 0.27475490196078439 0.76764950166112966 8.5000000000000018 36.500000000000007 0.57267080745341625 0.47641299510458396 1.5000000000000002 -1.0000000180025095e-35 35.407802648171504 0.020431785390216416 17.500000000000004 0.41592079207920801 1.5000000000000002 37.500000000000007 22.11083263714843 0.41042621837323828 6.5000000000000009
decision_type=2 2 2 2 2 2 2 2 2 2 2 2 2 2 2 2 2 2 2 2 2 2
left_child=1 4 7 19 8 9 -5 12 -1 11 -8 -6 -3 15 -15 -7 17 -9 -18 -4 -14 -21
right_child=-2 2 3 6 5 13 10 16 -10 -11 -12 -13 20 14 -16 -17 18 -19 -20 21 -22 -23
leaf_value=-0.050401388604599362 0.60191769248064464 -0.16696660427095625 -0.052878580526822018 -0.15138373762852053 -0.081264260710263547 -0.050340974006275178 -0.050013049658248904 -0.15099416008952682 0.043045548266069898 -0.096314433615841508 -0.11452338951015861 -0.05027953086089141 -0.17586565682837257 -0.050398810648103323 -0.062881196177513199 -0.057475008904822433 -0.15105984326631527 -0.050000366137734224 -0.15267786931396662 -0.050547733600767343 -0.17624969707504468 -0.050001371106168424
leaf_weight=0.0096069742253356294 0.22165489217369216 0.21149557734589347 0.05338393167166109 0.22163962590057906 0.23828461550929983 0.081181800332180171 0.010476852890861477 0.22153409916094799 0.026069634454870538 0.24963392317295074 0.2459794282913208 0.027557769885020539 0.2039030581212134 0.023485399916606475 0.65024685361270473 0.23195953506426401 0.22178154778188031 0.0068660831354394871 0.44054162631675808 0.010792371348316017 0.2032828017513566 0.032614572711360548
leaf_count=125 115 528 334 43 29 3890 1680 73 171 6 54 721 209 265 800 1282 159 1221 43 15 39 9733
internal_value=-0.0725893 -0.113863 -0.148158 -0.116973 -0.0673887 -0.0694136 -0.130198 -0.160035 0.0178822 -0.0868963 -0.111888 -0.0780523 -0.17295 -0.0602819 -0.0624461 -0.0556255 -0.151065 -0.147958 -0.152136 -0.0516492 -0.176057 -0.0501372
internal_weight=3.84397 3.62232 2.08429 0.574887 1.53803 1.50235 0.478096 1.5094 0.0356766 0.515476 0.256456 0.265842 0.618681 0.986874 0.673732 0.313141 0.890723 0.2284 0.662323 0.0967909 0.407186 0.0434069
internal_count=21535 21420 14131 11859 7289 6993 1777 2272 296 756 1734 750 776 6237 1065 5172 1496 1294 202 10082 248 9748
is_linear=0
shrinkage=0.05


Tree=73
num_leaves=16
num_cat=0
split_feature=21 42 18 21 15 25 42 23 7 45 15 15 6 6 6
split_gain=35.6312 1.76286 0.242256 0.1601 0.0783152 0.0457206 0.0298012 0.0207277 0.0186096 0.00508222 0.00184317 0.000119059 1.10649e-05 1.3218e-07 7.21398e-08
threshold=0.57267080745341625 0.97575668527769632 0.62028634805404326 0.36127844712182072 1.0000000180025095e-35 0.014108799440481714 0.97241248097412492 36.500000000000007 96.464019851116646 35.407802648171504 0.40954368655725271 0.38479595521849047 69.006568144499198 97.182539682539684 53.839743589743598
decision_type=2 2 2 2 2 2 2 2 2 2 2 2 2 2 2
left_child=1 2 4 -3 7 10 9 13 -9 -6 14 12 -7 -1 -5
right_child=-2 3 -4 5 6 11 -8 8 -10 -11 -12 -13 -14 -15 -16
leaf_value=-0.050001311121055436 0.51171998249426787 -0.052783450975220352 -0.10140982903157991 -0.15595701502894999 -0.054280306116338987 -0.13698192115203642 -0.078652837887934507 -0.050000568764268616 0.051205786687350624 -0.061577264683115078 -0.15033881708925367 -0.138158613108848 -0.13740521623948984 -0.050421114857146933 -0.15591632270594857
leaf_weight=0.0024237945463055919 0.24845607262068359 0.049952626228332631 0.49816077947788429 0.21781605482101407 0.37534441379027328 0.4635562002658844 0.23494320439563776 0.0056603130651637903 0.022993370890617371 0.65508777350307734 0.22197124361991882 0.4618583619594574 0.23147331178188346 0.0082821976393461227 0.21784606575965881
leaf_count=388 285 152 20 42 15669 69 273 515 1 3559 23 231 154 1 153
internal_value=-0.0677435 -0.107001 -0.071748 -0.141089 -0.0604228 -0.14352 -0.0625832 0.00903423 0.0312133 -0.0589193 -0.154047 -0.137536 -0.137123 -0.0503261 -0.155937
internal_weight=3.91583 3.66737 1.8029 1.86447 1.30474 1.81452 1.26538 0.0393597 0.0286537 1.03043 0.657633 1.15689 0.69503 0.010706 0.435662
internal_count=21535 21250 20426 824 20406 672 19501 905 516 19228 218 454 223 389 195
is_linear=0
shrinkage=0.05


Tree=74
num_leaves=14
num_cat=0
split_feature=23 45 42 24 3 43 4 7 25 42 15 3 15
split_gain=36.2442 7.72488 0.921026 0.337202 0.114165 0.0774452 0.0366212 0.0330782 0.0291546 0.0246863 0.0060972 0.00114401 7.78041e-05
threshold=18.500000000000004 77.010211267605655 0.97575668527769632 0.10728807692770236 14.500000000000002 36.500000000000007 83.697199810156633 96.464019851116646 0.014108799440481714 0.97241248097412492 0.4676372015081694 20.500000000000004 0.38479595521849047
decision_type=2 2 2 2 2 2 2 2 2 2 2 2 2
left_child=-1 2 3 5 -4 9 10 -7 11 -2 -5 -6 -10
right_child=1 -3 4 6 8 7 -8 -9 12 -11 -12 -13 -14
leaf_value=0.80891961036658966 -0.057658682347922298 0.24870278287037664 -0.052640342722497971 -0.09092094014357989 -0.13633315958360581 -0.050000389556485281 -0.12016566966589717 0.051145552382786279 -0.12595923925177438 -0.076501902481713541 -0.10199224068716953 -0.14064082847153872 -0.12678267283134609
leaf_weight=0.11540215415260169 0.7153220118894793 0.16078936320683057 0.047642324119806401 0.24753763188192865 0.2322440743446349 0.012813143871704624 0.24295948445796967 0.021897070123530149 0.71814382076263428 0.22960637245162463 0.24990461766719821 0.45824848115444183 0.47768700122833252
leaf_count=158 17292 48 263 103 89 2723 13 2 162 270 106 146 160
internal_value=-0.0640729 -0.0904819 -0.105407 -0.0787892 -0.129081 -0.059543 -0.104254 0.0138079 -0.131012 -0.0622374 -0.0964829 -0.139192 -0.126288
internal_weight=3.9302 3.8148 3.65401 1.72004 1.93397 0.979639 0.740402 0.0347102 1.88632 0.944928 0.497442 0.690493 1.19583
internal_count=21535 21377 21329 20509 820 20287 222 2725 557 17562 209 235 322
is_linear=0
shrinkage=0.05


Tree=75
num_leaves=19
num_cat=0
split_feature=25 10 21 3 43 16 22 23 25 15 43 18 45 15 8 3 43 23
split_gain=35.6651 0.751931 0.212332 0.104567 0.0866916 0.0797265 0.0265306 0.0211101 0.0181372 0.0129082 0.00514059 0.00273384 0.00136333 6.63601e-05 2.57135e-05 3.7082e-07 1.7355e-10 1.63386e-11
threshold=0.30469910031816122 5.5000000000000009 0.57267080745341625 14.500000000000002 2.5000000000000004 1.0000000180025095e-35 0.19139194139194141 36.500000000000007 0.014108799440481714 0.29283827870125845 1.5000000000000002 0.48161665314949992 19.559047023064547 0.38479595521849047 48.050632911392412 6.5000000000000009 1.5000000000000002 22.500000000000004
decision_type=2 2 2 2 2 2 2 2 2 2 2 2 2 2 2 2 2 2
left_child=1 2 5 14 8 7 17 -1 12 10 -7 -11 -5 -10 -3 -16 -17 -6
right_child=-2 3 -4 4 6 9 -8 -9 13 11 -12 -13 -14 -15 15 16 -18 -19
leaf_value=-0.050334776463771463 0.52544020225805121 -0.052496027824112459 -0.11222105838102847 -0.12873467046999404 -0.05000592003494389 -0.07462170506683713 -0.096950894781828112 0.042251328048833303 -0.11686922522844381 -0.052982983937754281 -0.06518287465222003 -0.060432421368380146 -0.12413452731618871 -0.11762086013744913 -0.050463491048856696 -0.05002157374329113 -0.050000779465463656 -0.050000298377673981
leaf_weight=0.0084272249864628668 0.24477452039718617 0.045595133271106703 0.24703510105609883 0.47515553484865414 0.0013454018408340365 0.22340980238496355 0.24975273013114929 0.022849302756185352 0.73531559261275681 0.1732459408844732 0.40711329638548355 0.42599690867914675 0.24365653498081485 0.48889464645678515 0.0092454159105272993 0.0011665719353572976 0.0071741254298072757 0.032865215079731891
leaf_count=125 90 57 77 118 323 62 32 171 407 5370 1139 354 661 441 33 194 2239 9642
internal_value=-0.0595483 -0.0972473 -0.0698323 -0.1153 -0.1171 -0.0615284 -0.0912945 0.0173047 -0.120871 -0.0635333 -0.0685273 -0.0582787 -0.127175 -0.117169 -0.0518696 -0.0502454 -0.0500037 -0.0500005
internal_weight=4.04302 3.79824 1.50808 2.29017 2.22699 1.26104 0.283963 0.0312765 1.94302 1.22977 0.630523 0.599243 0.718812 1.22421 0.0631812 0.0175861 0.0083407 0.0342106
internal_count=21535 21445 7298 14147 11624 7221 9997 296 1627 6925 1201 5724 779 848 2523 2466 2433 9965
is_linear=0
shrinkage=0.05


Tree=76
num_leaves=20
num_cat=0
split_feature=22 10 21 21 18 23 23 25 15 43 18 4 45 21 3 43 43 15 11
split_gain=34.1662 0.633421 0.166661 0.0820088 0.0748168 0.0377245 0.0198525 0.0122132 0.010708 0.00414011 0.00229464 0.00166334 0.00100405 2.47153e-05 4.33455e-07 3.44675e-10 2.78123e-10 8.99201e-12 7.51118e-12
threshold=0.19139194139194141 5.5000000000000009 0.57267080745341625 0.36127844712182072 1.0000000180025095e-35 33.500000000000007 36.500000000000007 0.013889375950861609 0.29283827870125845 1.5000000000000002 0.48161665314949992 41.987654320987666 19.559047023064547 0.36077899667200786 6.5000000000000009 1.5000000000000002 1.5000000000000002 0.31715727502102609 0.81530214424951275
decision_type=2 2 2 2 2 2 2 2 2 2 2 2 2 2 2 2 2 2 2
left_child=1 2 4 13 6 14 -1 12 9 -6 -10 -9 -7 16 -5 -16 17 -3 -18
right_child=-2 3 -4 5 8 7 -8 11 10 -11 -12 -13 -14 -15 15 -17 18 -19 -20
leaf_value=-0.050318367006261938 0.51122935283603754 -0.050015487119684038 -0.10561608169576392 -0.050443041470920318 -0.072859641838959391 -0.11916793335147804 0.041520115089836315 -0.050000358365493061 -0.052841176154525098 -0.064260732626528358 -0.059822341566129526 -0.11003057466465585 -0.11526908580024531 -0.052372316357112675 -0.0500194610434073 -0.050000457551636249 -0.050000251213290881 -0.050021512819658047 -0.050004726641017717
leaf_weight=0.008018772549348463 0.24840934632104694 0.0011003843708863046 0.24929311871528614 0.0087516235114438248 0.21752136497413271 0.48746943140841431 0.022108125335762452 0.0011548231776891118 0.16522773761001042 0.39267367658906244 0.40924826711308548 1.4949477843613352 0.24972199863183203 0.043402958563412142 0.0029334689381741432 0.012786720831365499 0.011219687775995274 0.0014156358214520992 0.0010229978192128905
leaf_count=125 88 221 86 12 62 172 171 431 5379 1139 350 3262 1519 33 690 4594 2934 68 199
internal_value=-0.0567909 -0.0941192 -0.0683769 -0.110393 -0.0607349 -0.111903 0.0170758 -0.11258 -0.0627136 -0.0673261 -0.0578145 -0.109984 -0.117847 -0.0517713 -0.050161 -0.050004 -0.0500037 -0.0500189 -0.0500006
internal_weight=4.02843 3.78002 1.46409 2.31593 1.2148 2.25777 0.0301269 2.23329 1.18467 0.610195 0.574476 1.4961 0.737191 0.0581617 0.0244718 0.0157202 0.0147587 0.00251602 0.0122427
internal_count=21535 21447 7312 14135 7226 10680 296 5384 6930 1201 5729 3693 1691 3455 5296 5284 3422 289 3133
is_linear=0
shrinkage=0.05


Tree=77
num_leaves=19
num_cat=0
split_feature=21 10 42 21 6 17 23 42 25 15 15 18 42 3 42 15 11 46
split_gain=32.7313 0.672295 0.0703244 0.0661393 0.0324539 0.0198032 0.0186584 0.00900101 0.00816663 0.00318471 0.00233589 0.00190212 2.13437e-05 3.92017e-07 2.42772e-10 6.47438e-12 6.15735e-12 4.92506e-12
threshold=0.57267080745341625 5.5000000000000009 1.0000000180025095e-35 0.36127844712182072 82.650501672240821 0.50694578429481008 36.500000000000007 0.97241248097412492 0.013889375950861609 0.29283827870125845 0.29152869757174399 0.48161665314949992 0.97575668527769632 6.5000000000000009 0.96172161172161186 0.31715727502102609 0.81302966101694929 90.408160225442842
decision_type=2 2 2 2 2 2 2 2 2 2 2 2 2 2 2 2 2 2
left_child=1 2 6 12 5 8 -1 9 -5 10 -4 -11 14 -6 16 -16 -3 -15
right_child=-2 3 7 4 13 -7 -8 -9 -10 11 -12 -13 -14 17 15 -17 -18 -19
leaf_value=-0.050302768375128863 0.49898066644122718 -0.050000238644300671 -0.050240264934622483 -0.11027440881906109 -0.050420569687123024 -0.1210470873675452 0.040756498387279488 -0.071264491491221701 -0.1038824037312609 -0.052730115815022877 -0.064525277230645731 -0.05925349322581959 -0.052255565955458105 -0.050000163566991253 -0.050015129465897645 -0.050020409930748182 -0.050004302935914381 -0.050003722070867333
leaf_weight=0.0076299982792981105 0.25044521319068724 0.010728475047628527 0.031175993692321269 0.74858288336960255 0.0083417736930189237 0.24244944074234798 0.021414047044345352 0.21139492356336931 1.5029786968101024 0.15615604818985079 0.34871452584780371 0.39293130199512954 0.041300956159830093 0.015554575395498534 0.0010183903979879014 0.0013499938258476618 0.0010205343796059205 0.001037172565843787
leaf_count=125 285 2964 1127 1327 22 54 171 368 2308 5064 43 344 102 6605 129 50 211 236
internal_value=-0.0544129 -0.0914329 -0.0599956 -0.105713 -0.106902 -0.10747 0.0168348 -0.0619524 -0.106008 -0.0598334 -0.063353 -0.0573983 -0.0516819 -0.050141 -0.0500035 -0.0500181 -0.0500006 -0.0500004
internal_weight=3.99422 3.74378 1.16942 2.57436 2.51894 2.49401 0.029044 1.14037 2.25156 0.928978 0.379891 0.549087 0.0554183 0.0249335 0.0141174 0.00236838 0.011749 0.0165917
internal_count=21535 21250 7242 14008 10552 3689 296 6946 3635 6578 1170 5408 3456 6863 3354 179 3175 6841
is_linear=0
shrinkage=0.05


Tree=78
num_leaves=19
num_cat=0
split_feature=25 6 23 24 15 21 7 23 7 42 15 15 15 15 6 42 15 10
split_gain=32.4574 0.365468 0.245859 0.0881212 0.0681554 0.0496274 0.0177892 0.0177365 0.00786648 0.00577969 0.00230292 0.00195398 0.00160671 0.000415978 5.18034e-05 1.66735e-05 3.7418e-09 7.42375e-15
threshold=0.30469910031816122 83.923360590027258 23.500000000000004 0.1320706471668939 1.0000000180025095e-35 0.36127844712182072 53.384223918575067 36.500000000000007 96.464019851116646 0.97241248097412492 0.29283827870125845 0.29152869757174399 0.47910604120591321 0.52788888888888896 44.741000877963138 0.97575668527769632 0.50725247004414553 13.500000000000002
decision_type=2 2 2 2 2 2 2 2 2 2 2 2 2 2 2 2 2 2
left_child=1 2 13 5 7 15 -7 -3 17 10 11 -6 -12 14 -1 -4 -16 -9
right_child=-2 4 3 -5 9 6 -8 8 -10 -11 12 -13 -14 -15 16 -17 -18 -19
leaf_value=-0.054707889421508039 0.49903478773574189 -0.050286147002638837 -0.050004953069913899 -0.13242073226791043 -0.05022786721524073 -0.10177121983869133 -0.050007198924361278 -0.050000564415542063 0.050961037146368918 -0.069935360725866785 -0.050249271182176064 -0.063618320004661472 -0.059312494792986961 -0.058411867651441587 -0.050011025731605402 -0.052140727514953383 -0.050087506615751481 -0.050000378488975851
leaf_weight=0.078709131107523964 0.24997414648532856 0.0072888723320847495 0.011900157466966266 0.23501440882683322 0.029645349502144258 2.2520324032526631 0.016720628463302023 0.001018601093619508 0.018502561375498772 0.20385679177842775 0.077553297303219443 0.3363130461008268 0.13235598802572882 0.24445804208517075 0.0028931366770888053 0.039371028542518616 0.003575893981178524 0.0011353394329489674
leaf_count=32 90 199 2461 27 1487 3069 4728 96 1 548 7634 37 282 39 570 60 23 152
internal_value=-0.05235 -0.0896791 -0.0980027 -0.103246 -0.0599504 -0.10029 -0.10139 0.0167714 0.0404334 -0.0627002 -0.0601389 -0.0625336 -0.055964 -0.0573634 -0.0543544 -0.051645 -0.0500533 -0.0500005
internal_weight=3.94232 3.69234 2.88467 2.55504 0.80767 2.32002 2.26875 0.0279454 0.0206565 0.779724 0.575868 0.365958 0.209909 0.329636 0.0851782 0.0512712 0.00646903 0.00215394
internal_count=21535 21445 11009 10345 10436 10318 7797 448 249 9988 9440 1524 7916 664 625 2521 593 248
is_linear=0
shrinkage=0.05


Tree=79
num_leaves=21
num_cat=0
split_feature=25 6 23 24 1 3 23 42 4 6 42 18 18 21 3 6 42 3 16 4
split_gain=30.9723 0.287718 0.189789 0.0651167 0.063624 0.0402508 0.0168606 0.0144515 0.0115479 0.0073017 0.00476243 0.00165517 0.00171557 0.000351037 6.67432e-05 4.41824e-05 1.85175e-05 2.88443e-07 3.21773e-09 4.25007e-15
threshold=0.30469910031816122 83.923360590027258 23.500000000000004 0.10728807692770236 1.0000000180025095e-35 14.500000000000002 36.500000000000007 0.97575668527769632 83.697199810156633 94.957627118644083 0.97241248097412492 0.33654113074858888 0.34161778326644032 0.55848153214774288 13.500000000000002 44.741000877963138 0.97575668527769632 1.0000000180025095e-35 0.50545661235316419 58.240137642865925
decision_type=2 2 2 2 2 2 2 2 2 2 2 2 2 2 2 2 2 2 2 2
left_child=1 2 13 5 10 16 -6 -7 -5 19 11 17 -13 15 -15 -1 -4 -3 -17 -8
right_child=-2 4 3 8 6 7 9 -9 -10 -11 -12 12 -14 14 -16 18 -18 -19 -20 -21
leaf_value=-0.054457263799208101 0.50733126802109196 -0.050316287306584287 -0.050007286064513781 -0.10685639460130135 -0.050272136943528223 -0.050002923962217838 -0.050000365305847422 -0.095688944203288329 -0.12219828243774827 0.050667516460771805 -0.068588951587676347 -0.062466750962063479 -0.056368594424312024 -0.057023044539529534 -0.058715708644783107 -0.050010490532307827 -0.052031969220220887 -0.050001813380704301 -0.050083209811138153 -0.050000510869122244
leaf_weight=0.075206293912523647 0.23387077450752247 0.034850985847538304 0.016154243407254909 0.24897857590329708 0.0069352735176855243 0.017461105411348599 0.0010027807688857129 1.9940627217292786 0.24175010621547699 0.017659278119026567 0.19762362817756696 0.33241228647310939 0.17660702085541036 0.1079927384853363 0.12640500068664551 0.0027511584710220296 0.037527184933423996 0.0092210065767759503 0.0034026857213689254 0.0010031037645603647
leaf_count=31 90 12 4001 77 199 5908 139 214 1 4 548 324 6049 21 31 550 144 3055 31 106
internal_value=-0.0504695 -0.0862198 -0.0935244 -0.0980423 -0.0592339 -0.094152 0.0167593 -0.0952924 -0.114414 0.0403992 -0.0619266 -0.0595461 -0.060351 -0.0569537 -0.0579359 -0.054124 -0.0514227 -0.0502505 -0.0500507 -0.0500004
internal_weight=3.88288 3.64901 2.87169 2.55593 0.777315 2.06521 0.0266004 2.01152 0.490729 0.0196652 0.750715 0.553091 0.509019 0.315758 0.234398 0.0813601 0.0536814 0.044072 0.00615384 0.00200588
internal_count=21535 21445 11009 10345 10436 10267 448 6122 78 249 9988 9440 6373 664 52 612 4145 3067 581 245
is_linear=0
shrinkage=0.05


Tree=80
num_leaves=11
num_cat=0
split_feature=20 45 25 6 23 43 24 7 43 20
split_gain=33.328 7.40424 0.801348 0.214663 0.0981169 0.0683343 0.047599 0.0134726 0.00524267 0.00013198
threshold=0.53896761133603255 77.010211267605655 0.30469910031816122 83.923360590027258 23.500000000000004 36.500000000000007 0.10728807692770236 96.464019851116646 5.5000000000000009 0.52788888888888896
decision_type=2 2 2 2 2 2 2 2 2 2
left_child=1 2 3 4 9 8 -6 -7 -5 -1
right_child=-2 -3 -4 5 6 7 -8 -9 -10 -11
leaf_value=-0.053906642408165034 0.7665876075639998 0.26344875472578039 -0.18959230792725376 -0.064760832115720215 -0.090187147419794902 -0.050000368083423397 -0.10744629904884742 0.050868119579837945 -0.054860781185596487 -0.056633775694075517
leaf_weight=0.077696226468117469 0.12124058604240495 0.15390942442838174 0.19417354464530934 0.35984524199973189 2.0485583605410911 0.0041242443478601834 0.49625795025492347 0.016775662046220052 0.21281269799639158 0.10341405123472214
leaf_count=625 126 48 60 3069 10259 1113 72 2 6150 11
internal_value=-0.049033 -0.0759954 -0.0908641 -0.085089 -0.0910222 -0.0578407 -0.0935528 0.0309634 -0.0610817 -0.0554638
internal_weight=3.78881 3.66757 3.51366 3.31948 2.72593 0.593558 2.54482 0.0208999 0.572658 0.18111
internal_count=21535 21409 21361 21301 10967 10334 10331 1115 9219 636
is_linear=0
shrinkage=0.05


Tree=81
num_leaves=17
num_cat=0
split_feature=22 22 23 21 21 24 9 43 45 23 25 18 15 3 9 10
split_gain=32.4629 0.587335 0.166704 0.10914 0.0602834 0.0354489 0.0139392 0.00523064 0.0039589 0.00264352 0.00146097 0.000982175 6.75676e-05 5.48515e-05 2.7587e-07 2.14984e-14
threshold=0.19139194139194141 0.18898809523809526 33.500000000000007 1.0000000180025095e-35 0.36127844712182072 0.1320706471668939 0.93750000000000011 6.5000000000000009 28.602059168638316 95.500000000000014 0.015069244240854105 0.48161665314949992 0.49444375848870237 5.5000000000000009 0.93750000000000011 5.5000000000000009
decision_type=2 2 2 2 2 2 2 2 2 2 2 2 2 2 2 2
left_child=1 2 7 6 9 -6 15 8 12 -5 -10 14 -1 -13 -9 -4
right_child=-2 -3 3 4 5 -7 -8 11 10 -11 -12 13 -14 -15 -16 -17
leaf_value=-0.050009895478574387 0.50521340458322195 -0.16548420590220661 -0.050000552906811283 -0.051358517564435782 -0.087367248284391408 -0.10738435608343061 0.050825104082702702 -0.050015608540080907 -0.061213459032363464 -0.065003980980984005 -0.066909428950598759 -0.057852370408637568 -0.053998847747780881 -0.056255110994457305 -0.050256113405634989 -0.050000329540018276
leaf_weight=0.012558181414836556 0.2495408512138394 0.21085286140441883 0.0019355924291638562 0.044351273490416426 1.991026283110519 0.24881781659928881 0.015970675274729729 0.015497944974123157 0.15992984111827552 0.17771251350241871 0.38020637142076114 0.11730818450450896 0.068643458918813849 0.099205026826827539 0.051693606487137167 0.0024292563637118292
leaf_count=2561 88 6 181 1918 8713 69 1 4666 1014 47 1592 3 25 242 24 385
internal_value=-0.0462699 -0.0845168 -0.0794767 -0.0861745 -0.0871273 -0.0895909 0.0291838 -0.0611069 -0.0636754 -0.0622787 -0.0652229 -0.0554816 -0.0533819 -0.0571205 -0.0502006 -0.0500004
internal_weight=3.84768 3.59814 3.38729 2.48224 2.46191 2.23984 0.0203355 0.905043 0.621338 0.222064 0.540136 0.283705 0.0812016 0.216513 0.0671916 0.00436485
internal_count=21535 21447 21441 11314 10747 8782 567 10127 5192 1965 2606 4935 2586 245 4690 566
is_linear=0
shrinkage=0.05


Tree=82
num_leaves=16
num_cat=0
split_feature=21 18 42 17 23 9 9 41 42 6 6 4 21 4 4
split_gain=31.5406 0.606263 0.178756 0.0489374 0.0131929 0.012784 0.00425111 0.00338531 0.00285201 0.00129011 0.00120772 0.0108622 0.000303877 0.000115844 3.62913e-08
threshold=0.57267080745341625 0.62028634805404326 0.97575668527769632 1.0000000180025095e-35 36.500000000000007 0.93750000000000011 0.40833333333333338 8.5000000000000018 0.84866102889358708 69.006568144499198 53.173187571921751 53.262411347517734 0.53079284811269645 51.191151446398194 94.028520499108751
decision_type=2 2 2 2 2 2 2 2 2 2 2 2 2 2 2
left_child=1 2 3 4 14 -6 12 9 -8 13 -9 -12 -5 -4 -1
right_child=-2 -3 7 6 5 -7 8 10 -10 -11 11 -13 -14 -15 -16
leaf_value=-0.050003350393664207 0.49733093967094794 -0.13659808046390715 -0.086495467290475858 -0.050007940614826656 -0.050000418962176808 0.050784218682107446 -0.059748958353467954 -0.083265932255031927 -0.065516542718090653 -0.083161638490140771 -0.05167435518183261 -0.082972031788230122 -0.055038189574579656 -0.087828864117198757 -0.050264591647296401
leaf_weight=0.0017817723737646443 0.25052044241965621 0.46311740577314697 0.24390585720539082 0.036921064357058803 0.0039675131401963873 0.015203698538243771 0.50083230941057855 0.71970278024673462 0.37469989938402515 0.2397507131099702 0.031352102756500244 0.23947063088417053 0.16070317443978629 0.4903980940580368 0.0052363029681146145
leaf_count=388 285 21 59 15158 515 1 2777 43 1245 202 224 168 321 127 1
internal_value=-0.0447734 -0.0832783 -0.0752189 -0.0590742 0.00845519 0.0299267 -0.0607222 -0.0842532 -0.0622173 -0.0863462 -0.0821949 -0.0793488 -0.0540984 -0.087386 -0.0501983
internal_weight=3.77756 3.52704 3.06393 1.09935 0.0261893 0.0191712 1.07316 1.96458 0.875532 0.974055 0.990526 0.270823 0.197624 0.734304 0.00701808
internal_count=21535 21250 21229 20406 905 516 19501 823 4022 388 435 392 15479 186 389
is_linear=0
shrinkage=0.05


Tree=83
num_leaves=17
num_cat=0
split_feature=22 24 42 15 23 7 9 41 42 3 6 3 17 3 6 3
split_gain=30.5174 0.614493 0.144518 0.0457451 0.0125443 0.012153 0.0036147 0.00262375 0.00234098 0.000994863 0.000946279 0.00876644 0.000264261 8.88798e-05 1.81439e-05 3.1222e-08
threshold=0.19139194139194141 0.1320706471668939 0.97575668527769632 1.0000000180025095e-35 36.500000000000007 96.464019851116646 0.40833333333333338 8.5000000000000018 0.84866102889358708 16.500000000000004 53.173187571921751 19.500000000000004 0.4676372015081694 20.500000000000004 83.744748660002912 2.5000000000000004
decision_type=2 2 2 2 2 2 2 2 2 2 2 2 2 2 2 2
left_child=1 2 3 4 15 -6 12 9 -8 -4 -9 -12 -5 -11 -3 -1
right_child=-2 14 7 6 5 -7 8 10 -10 13 11 -13 -14 -15 -16 -17
leaf_value=-0.050251622863018847 0.4957355633902279 -0.13537484544144196 -0.080515420055727288 -0.050007610642669259 -0.050000397251481844 0.05074538659525122 -0.0592181719262245 -0.080608218607932283 -0.064543607064264805 -0.08347144137322822 -0.051590028181722695 -0.080346695112872624 -0.054767689019352861 -0.084648124155104448 -0.13475106500160858 -0.050003187253906983
leaf_weight=0.0049821785651147218 0.24506560077357198 0.23292922973633137 0.23535922169685353 0.035984256338773529 0.0037740167686024497 0.014472993090748787 0.48056826763117144 0.70658987760543823 0.36166127591298025 0.24019755423069 0.029870558530092239 0.23504194617271423 0.15368093510535888 0.48355406522750866 0.23337307591382991 0.00169487969924699
leaf_count=1 88 62 264 14886 515 1 2802 42 1248 61 146 247 690 65 29 388
internal_value=-0.0434232 -0.0816801 -0.0733477 -0.0584839 0.0084506 0.0299082 -0.0601006 -0.0814842 -0.061505 -0.0833393 -0.0796527 -0.0771042 -0.0538646 -0.0842576 -0.135063 -0.0501886
internal_weight=3.6988 3.45373 2.98743 1.05682 0.0249241 0.018247 1.03189 1.93061 0.84223 0.959111 0.971502 0.264913 0.189665 0.723752 0.466302 0.00667706
internal_count=21535 21447 21356 20531 905 516 19626 825 4050 390 435 393 15576 126 91 389
is_linear=0
shrinkage=0.05


Tree=84
num_leaves=17
num_cat=0
split_feature=25 25 42 42 15 23 7 9 10 42 6 6 4 17 4 4
split_gain=30.2507 0.748082 0.117376 0.0553341 0.0428147 0.0119279 0.0115535 0.00304684 0.002051 0.00192641 0.000774216 0.000746938 0.00711044 0.000225369 6.88577e-05 2.68604e-08
threshold=0.30469910031816122 0.21686305809725429 0.97575668527769632 0.91715686274509811 1.0000000180025095e-35 36.500000000000007 96.464019851116646 0.40833333333333338 8.5000000000000018 0.84866102889358708 69.006568144499198 53.173187571921751 53.262411347517734 0.4676372015081694 51.191151446398194 94.028520499108751
decision_type=2 2 2 2 2 2 2 2 2 2 2 2 2 2 2 2
left_child=1 2 4 -3 5 15 -7 13 10 -9 14 -10 -13 -6 -4 -1
right_child=-2 3 8 -5 7 6 -8 9 11 -11 -12 12 -14 -15 -16 -17
leaf_value=-0.050003031730089 0.49971366336930656 -0.12404386100236336 -0.080790957739333452 -0.15891967412517502 -0.050007249390046318 -0.050000378388498648 0.050708505356408501 -0.058718820762834981 -0.078237786735889922 -0.063644037130698411 -0.078154767034910463 -0.051510077042213866 -0.078003817100854966 -0.054515735953561906 -0.081835928561316884 -0.050239288102412842
leaf_weight=0.0016122243325792365 0.24027715623378743 0.24066717709849639 0.23586727678775776 0.21563586592674255 0.034168950473436127 0.0035899571580557668 0.013776897452771664 0.46091682157186281 0.69196693599224091 0.3487614191160478 0.23046819865703594 0.028456743806600571 0.23012062907218933 0.14683456629478756 0.47536748647689819 0.0047403289936482906
leaf_count=388 90 183 59 47 14855 515 1 2779 43 1244 202 223 168 610 127 1
internal_value=-0.0422818 -0.0810064 -0.0716628 -0.140525 -0.0579398 0.00844624 0.0298907 -0.0595293 -0.0790194 -0.0608403 -0.0806733 -0.077381 -0.0750881 -0.0536646 -0.0814894 -0.0501793
internal_weight=3.60323 3.36295 2.90665 0.456303 1.0144 0.0237194 0.0173669 0.990682 1.89225 0.809678 0.941703 0.950544 0.258577 0.181004 0.711235 0.00635255
internal_count=21535 21445 21215 230 20393 905 516 19488 822 4023 388 434 391 15465 186 389
is_linear=0
shrinkage=0.05


Tree=85
num_leaves=17
num_cat=0
split_feature=25 24 42 18 6 23 7 9 41 42 6 6 5 17 5 5
split_gain=31.2431 0.554812 0.0958662 0.0401072 0.0357001 0.011342 0.010984 0.0025742 0.00161553 0.00158918 0.000607396 0.000593498 0.00579311 0.000192719 5.3805e-05 2.31087e-08
threshold=0.30469910031816122 0.10728807692770236 0.97575668527769632 1.0000000180025095e-35 63.224516988674225 36.500000000000007 96.464019851116646 0.40833333333333338 8.5000000000000018 0.84866102889358708 69.006568144499198 53.173187571921751 0.53262411347517735 0.4676372015081694 0.51191151446398198 0.94028520499108736
decision_type=2 2 2 2 2 2 2 2 2 2 2 2 2 2 2 2
left_child=1 2 3 5 -3 15 -7 13 10 -9 14 -10 -13 -5 -4 -1
right_child=-2 4 8 7 -6 6 -8 9 11 -11 -12 12 -14 -15 -16 -17
leaf_value=-0.050002884314825718 0.55682881643591153 -0.14291554209910526 -0.078401166364441388 -0.050006890100810553 -0.11542268344016718 -0.050000360189145721 0.050673474585138614 -0.058248674593707798 -0.076112758512530562 -0.062810872148472294 -0.076038125815375668 -0.051434264656437738 -0.075902437284790181 -0.054277524082574607 -0.079334358794628496 -0.050227561607747419
leaf_weight=0.0015335996351997219 0.20555514097213734 0.22745707631111117 0.23102614283561695 0.032545700262034516 0.24554804699336968 0.0034148740996897678 0.013113820925354958 0.44188785038952372 0.67612254619598389 0.33604057589179626 0.22517332434654247 0.027107784524559975 0.22480149567127228 0.14027838663690595 0.46607302129268646 0.0045101665891706944
leaf_count=388 90 36 59 14860 134 515 1 2788 43 1245 204 223 169 653 126 1
internal_value=-0.041236 -0.0785271 -0.0701318 -0.0574292 -0.128643 0.00844209 0.029874 -0.0589931 -0.0768138 -0.0602194 -0.0782958 -0.075341 -0.0732694 -0.0534733 -0.0790251 -0.0501705
internal_weight=3.50219 3.29663 2.82363 0.973325 0.473005 0.0225725 0.0165287 0.950753 1.8503 0.777928 0.922272 0.928032 0.251909 0.172824 0.697099 0.00604377
internal_count=21535 21445 21275 20451 170 905 516 19546 824 4033 389 435 392 15513 185 389
is_linear=0
shrinkage=0.05


Tree=86
num_leaves=18
num_cat=0
split_feature=24 24 42 16 23 23 7 9 32 41 7 7 3 17 16 3 4
split_gain=36.5577 0.418533 0.0786812 0.0376034 0.0239893 0.0107851 0.0104427 0.00217594 0.00133083 0.0012812 0.000479965 0.000474388 0.00473887 0.000164705 4.23653e-05 3.009e-06 1.98832e-08
threshold=0.13392627418244371 0.10728807692770236 0.97575668527769632 1.0000000180025095e-35 30.500000000000004 36.500000000000007 96.464019851116646 0.40833333333333338 -1.0000000180025095e-35 8.5000000000000018 52.689415847310599 47.844667409884806 19.500000000000004 0.4676372015081694 0.40926654740608237 29.500000000000004 94.028520499108751
decision_type=2 2 2 2 2 2 2 2 2 2 2 2 2 2 2 2 2
left_child=1 2 3 5 -3 16 -7 13 -9 10 14 15 -13 -5 -4 -11 -1
right_child=-2 4 9 7 -6 6 -8 8 -10 11 -12 12 -14 -15 -16 -17 -18
leaf_value=-0.05000274321162778 0.71392935591451767 -0.13054172978067863 -0.077097055153176164 -0.050006554410090012 -0.10829129543629219 -0.050000342915790891 0.050640195297856294 -0.060546933072702737 -0.054734138243004632 -0.07427442256794653 -0.074131638421913115 -0.051362359373256589 -0.074009139469926183 -0.054053007455001606 -0.076259530976146531 -0.0740477075950247 -0.050216421161091332
leaf_weight=0.0014588090996349159 0.15330997122494583 0.23631551861763 0.45587578415870655 0.030958630215328242 0.24854543603447865 0.003248329810503491 0.012482243590056896 0.6303092339401255 0.1166979195288913 0.44001790881156921 0.21955817937850963 0.025820909067988396 0.21916738152503967 0.13397716593323755 0.22577129304409027 0.21929080784320831 0.0042911311611533165
leaf_count=388 115 35 74 14860 100 515 1 2758 1277 117 286 110 101 661 29 107 1
internal_value=-0.0404424 -0.0763172 -0.0687372 -0.056951 -0.119136 0.00843816 0.0298581 -0.0584912 -0.0596389 -0.0748306 -0.0761648 -0.0735009 -0.0716222 -0.0532935 -0.0768197 -0.074199 -0.0501622
internal_weight=3.3771 3.22379 2.73893 0.933423 0.484861 0.0214805 0.0157306 0.911943 0.747007 1.8055 0.901205 0.904297 0.244988 0.164936 0.681647 0.659309 0.00574994
internal_count=21535 21420 21285 20461 135 905 516 19556 4035 824 389 435 211 15521 103 224 389
is_linear=0
shrinkage=0.05


Tree=87
num_leaves=18
num_cat=0
split_feature=24 24 42 16 15 23 7 9 42 10 7 7 3 17 15 3 4
split_gain=52.9712 0.320234 0.0648745 0.0352839 0.0166286 0.0102557 0.00992844 0.00184088 0.0011065 0.00102229 0.000381726 0.000381212 0.00389061 0.000140815 3.35867e-05 2.40459e-06 1.71062e-08
threshold=0.13392627418244371 0.10728807692770236 0.97575668527769632 1.0000000180025095e-35 0.47641299510458396 36.500000000000007 96.464019851116646 0.40833333333333338 0.84866102889358708 8.5000000000000018 52.689415847310599 47.844667409884806 19.500000000000004 0.4676372015081694 0.40954368655725271 29.500000000000004 94.028520499108751
decision_type=2 2 2 2 2 2 2 2 2 2 2 2 2 2 2 2 2
left_child=1 2 3 5 -3 16 -7 13 -9 10 14 15 -13 -5 -4 -11 -1
right_child=-2 4 9 7 -6 6 -8 8 -10 11 -12 12 -14 -15 -16 -17 -18
leaf_value=-0.050002609479115591 1.1430628970437311 -0.10230890599590839 -0.075086456405091206 -0.050006235442099825 -0.12068502072602892 -0.050000325257049075 0.050608584652650349 -0.057373068670045407 -0.061335663868860281 -0.072536783691590292 -0.072407418990461367 -0.051294152575393617 -0.072296406493898749 -0.053841065194604076 -0.074331440061459267 -0.072331351431211541 -0.050205816679316652
leaf_weight=0.0013876657687917895 0.091966308920477746 0.24988310004668335 0.44495500624179829 0.029448943234379882 0.24265578389167786 0.0030899079224582246 0.011880706995725632 0.40535716015714618 0.3115874885238531 0.42832690477371216 0.21369566023349773 0.024593444541096687 0.21329046785831451 0.12793200502453836 0.22018754482269287 0.21341842412948608 0.0040826904587447643
leaf_count=388 115 83 82 14860 52 515 1 2790 1245 117 286 110 101 661 21 107 1
internal_value=-0.0397565 -0.0743361 -0.0674627 -0.0565021 -0.111362 0.00843442 0.0298431 -0.0580203 -0.0590952 -0.0730398 -0.0742459 -0.0718347 -0.0701251 -0.0531235 -0.0748365 -0.0724685 -0.0501543
internal_weight=3.23774 3.14577 2.65323 0.894767 0.492539 0.020441 0.0149706 0.874326 0.716945 1.75847 0.878838 0.879629 0.237884 0.157381 0.665143 0.641745 0.00547036
internal_count=21535 21420 21285 20461 135 905 516 19556 4035 824 389 435 211 15521 103 224 389
is_linear=0
shrinkage=0.05


Tree=88
num_leaves=16
num_cat=0
split_feature=25 24 10 1 15 23 3 43 9 16 25 15 8 9 21
split_gain=126.793 0.247949 0.0490937 0.0370917 0.0118195 0.0105815 0.00531407 0.00317579 0.00127241 0.000734964 0.000732567 5.53222e-05 3.07881e-06 4.45846e-08 1.09308e-11
threshold=0.30469910031816122 0.10728807692770236 5.5000000000000009 1.0000000180025095e-35 0.47641299510458396 36.500000000000007 14.500000000000002 2.5000000000000004 0.40833333333333338 0.53863375430539617 0.014108799440481714 0.52788888888888896 48.050632911392412 0.93750000000000011 0.51880124399208383
decision_type=2 2 2 2 2 2 2 2 2 2 2 2 2 2 2
left_child=1 2 3 8 -3 -5 12 10 11 -10 -8 -1 -4 -14 -9
right_child=-2 4 6 5 -6 -7 7 14 9 -11 -12 -13 13 -15 -16
leaf_value=-0.052227099836278726 3.0027179413102325 -0.097222100290168367 -0.051225484060781534 -0.050173789232064607 -0.11264906042800127 0.039964721782328315 -0.072985064509959993 -0.050000211851121745 -0.05727532660306664 -0.060601399822203819 -0.070844457112848189 -0.05427502835219377 -0.050001975936204257 -0.050229446677625633 -0.050005569820049035
leaf_weight=0.060448864462361973 0.033887989819050612 0.24980579920133283 0.023498442961571574 0.0043852925339251661 0.24684788286685944 0.012641883400192455 0.64952499748394354 0.016070689176735979 0.38992579629565449 0.28933044735432667 1.0390565687180133 0.07256198674440506 0.0040932944641940208 0.0045470874756574631 0.0010118358412930023
leaf_count=4574 90 100 57 125 70 171 779 9551 2101 241 837 26 2440 1 372
internal_value=-0.038908 -0.0725512 -0.0662948 -0.0562854 -0.10489 0.0167498 -0.0710713 -0.0714509 -0.0578164 -0.0586921 -0.0716679 -0.0533443 -0.0509287 -0.0501217 -0.0500005
internal_weight=3.09764 3.06375 2.5671 0.829294 0.496654 0.0170272 1.7378 1.70566 0.812267 0.679256 1.68858 0.133011 0.0321388 0.00864038 0.0170825
internal_count=21535 21445 21275 7238 170 296 14037 11539 6942 2342 1616 4600 2498 2441 9923
is_linear=0
shrinkage=0.05


Tree=89
num_leaves=8
num_cat=0
split_feature=23 45 18 24 43 42 6
split_gain=35.6605 8.37824 5.05291 0.0646281 0.0441279 0.0296214 0.0157202
threshold=18.500000000000004 77.010211267605655 0.62028634805404326 0.1320706471668939 36.500000000000007 0.97575668527769632 94.957627118644083
decision_type=2 2 2 2 2 2 2
left_child=-1 2 3 4 5 -2 -6
right_child=1 -3 -4 -5 6 -7 -8
leaf_value=0.84038427880194844 -0.056637514207382424 0.3154672399608483 -0.30405331120550305 -0.092848831368056439 -0.050000351279949853 -0.069940637971641406 0.050142057455691537
leaf_weight=0.11140351580852259 0.55949477625910993 0.13344920387282977 0.25100617751069787 0.2485170073958537 0.0061126303167048359 1.6598293408751488 0.010919498713278575
leaf_count=158 17638 48 65 92 2708 813 13
internal_value=-0.0373094 -0.0713864 -0.0902561 -0.0686597 -0.0659716 -0.0665869 0.0142021
internal_weight=2.98073 2.86933 2.73588 2.48487 2.23636 2.21932 0.0170321
internal_count=21535 21377 21329 21264 21172 18451 2721
is_linear=0
shrinkage=0.05


Tree=90
num_leaves=13
num_cat=0
split_feature=15 16 22 24 42 3 23 7 15 43 4 4
split_gain=36.2131 100.996 4.47232 0.0479979 0.0389793 0.0148539 0.00931632 0.00884995 0.00232633 0.00192943 0.000834195 1.24304e-08
threshold=0.48660607510165038 0.60158730158730178 0.18898809523809526 0.1320706471668939 1.0000000180025095e-35 14.500000000000002 36.500000000000007 96.464019851116646 0.29283827870125845 5.5000000000000009 65.402588066139487 94.028520499108751
decision_type=2 2 2 2 2 2 2 2 2 2 2 2
left_child=2 10 3 4 6 8 11 -8 -6 -7 -2 -1
right_child=1 -3 -4 -5 5 9 7 -9 -10 -11 -12 -13
leaf_value=-0.050009329805064034 -0.052350368240746917 2.2178086245279003 -0.28978771560140099 -0.089049482832978186 -0.060651028387313025 -0.068571504547792775 -0.050000300689510981 0.050528699303014235 -0.052844092185786985 -0.050000610553690039 -0.060078994707893123 -0.050175912898658727
leaf_weight=0.0016481804145825887 0.046556716190026548 0.066031739115715027 0.25016714404696294 0.24621951649325913 0.30928480004339121 1.7818165415239489 0.0027762937145325859 0.010353865101933479 0.137998085345726 0.014096956917813208 0.13961814343929291 0.0034935933072119951
leaf_count=388 306 76 44 45 1164 4017 515 1 5428 9426 124 1
internal_value=-0.0357506 0.537735 -0.0881961 -0.0680853 -0.0658028 -0.0663952 0.00693048 0.0292724 -0.0582424 -0.0684257 -0.0581463 -0.0501225
internal_weight=3.01006 0.252207 2.75785 2.50769 2.26147 2.2432 0.0182719 0.0131302 0.447283 1.79591 0.186175 0.00514177
internal_count=21535 506 21029 20985 20940 20035 905 516 6592 13443 430 389
is_linear=0
shrinkage=0.05


Tree=91
num_leaves=17
num_cat=0
split_feature=25 25 16 3 23 7 16 16 41 43 16 7 18 46 4 41
split_gain=1238.39 0.0858297 0.0354832 0.012871 0.00885964 0.00841486 0.00418962 0.00162359 0.0013335 0.00121698 0.00100283 0.000200429 1.59126e-05 8.50772e-06 1.06953e-08 7.51179e-15
threshold=0.30469910031816122 0.15276075225884034 1.0000000180025095e-35 14.500000000000002 36.500000000000007 96.464019851116646 0.41511019502140484 0.53863375430539617 1.5000000000000002 5.5000000000000009 0.28984279046917222 96.464019851116646 0.42818945760122235 44.964447387650715 94.028520499108751 5.5000000000000009
decision_type=2 2 2 2 2 2 2 2 2 2 2 2 2 2 2 2
left_child=1 2 4 7 14 15 9 10 12 -5 -4 -9 -3 -8 -1 -6
right_child=-2 8 3 6 5 -7 13 11 -10 -11 -12 -13 -14 -15 -16 -17
leaf_value=-0.050008874352754744 30.804022191241639 -0.085722475225762623 -0.058589026682969683 -0.06735000000977763 -0.050000373774633289 0.05050264661529974 -0.052325029954922567 -0.05936615982766761 -0.080857894771836525 -0.050000080941386277 -0.052507463037336478 -0.06199275597267874 -0.085149962209115984 -0.050011320757520288 -0.050167301076986907 -0.050000204932720886
leaf_weight=0.0015678116224137053 0.0032516245264665447 0.24306483566762022 0.12926402091593023 1.7244227427174472 0.0012593388928507929 0.0098538538441061974 0.042552763241097587 0.13587975308674671 0.23647550374673504 0.010166713796385118 0.14252363275737726 0.15602962672710419 0.24241451299769778 0.0043823352708757179 0.0033237647730857134 0.0013815541483381821
leaf_count=388 90 3 239 3144 170 1 93 458 616 7112 5794 3 79 2999 1 345
internal_value=-0.0363381 -0.0688488 -0.0642383 -0.0647659 0.00692794 0.0292603 -0.0668495 -0.0581809 -0.0839369 -0.0672483 -0.0553999 -0.0607701 -0.0854366 -0.052109 -0.0501165 -0.0500003
internal_weight=3.08781 3.08456 2.36261 2.34522 0.0173863 0.0124947 1.78152 0.563697 0.721955 1.73459 0.271788 0.291909 0.485479 0.0469351 0.00489158 0.00264089
internal_count=21535 21445 20747 19842 905 516 13348 6494 698 10256 6033 461 82 3092 389 515
is_linear=0
shrinkage=0.05


Tree=92
num_leaves=12
num_cat=0
split_feature=25 24 17 42 3 23 7 19 19 15 4
split_gain=56.1014 4.47761 0.0455215 0.0328971 0.010633 0.00842546 0.00800133 0.00350419 0.00136121 0.000672242 9.20301e-09
threshold=0.35780974465332582 0.1320706471668939 0.49867724867724872 1.0000000180025095e-35 14.500000000000002 36.500000000000007 96.464019851116646 0.41511019502140484 0.53863375430539617 0.52788888888888896 94.028520499108751
decision_type=2 2 2 2 2 2 2 2 2 2 2
left_child=1 2 3 5 8 10 -7 -6 -5 -4 -1
right_child=-2 -3 9 4 7 6 -8 -9 -10 -11 -12
leaf_value=-0.050008443003837971 0.87823470490901878 -0.29177064143432302 -0.078499519794488243 -0.055113185598015015 -0.066128974006423397 -0.050000271724687156 0.050477893722182955 -0.051990226855564092 -0.060135728494273948 -0.082282898034254981 -0.050159118376457604
leaf_weight=0.0014913610957666404 0.15946169197559346 0.23924593690998142 0.23133799533533786 0.25986329876259306 1.6772140537624891 0.0025120958575826089 0.009377756156027317 0.044999141927570707 0.2805341897875232 0.23840938508510687 0.0031621656380593777
leaf_count=388 45 86 352 6076 10268 515 1 3204 518 81 1
internal_value=-0.0355401 -0.0843035 -0.066247 -0.0633259 -0.0638395 0.00692554 0.0292488 -0.0657595 -0.0577205 -0.0804197 -0.0501108
internal_weight=3.14761 2.98815 2.7489 2.27915 2.26261 0.0165434 0.0118899 1.72221 0.540397 0.469747 0.00465353
internal_count=21535 21490 21404 20971 20066 905 516 13472 6594 433 389
is_linear=0
shrinkage=0.05


Tree=93
num_leaves=12
num_cat=0
split_feature=21 23 17 43 7 3 16 25 11 22 7
split_gain=38.8238 6.25936 0.0534817 0.0346017 0.0115426 0.00942563 0.00281978 0.00080466 0.000736049 1.56373e-06 2.73388e-12
threshold=0.57267080745341625 84.500000000000014 0.49867724867724872 36.500000000000007 96.464019851116646 14.500000000000002 0.41511019502140484 0.015069244240854105 0.93683510638297884 0.12060606060606062 81.106578276389612
decision_type=2 2 2 2 2 2 2 2 2 2 2
left_child=1 2 3 5 10 7 -7 -1 -4 -10 -5
right_child=-2 -3 8 4 -6 6 -8 -9 9 -11 -12
leaf_value=-0.050387241796248754 0.6035346573837751 -0.40244208082402677 -0.07634928782006474 -0.050000169859952086 0.050454323305230177 -0.065101963614244127 -0.051941471238907827 -0.056950450110360755 -0.079732068236038275 -0.079914848712292902 -0.050003163666297007
leaf_weight=0.054678524858190136 0.22125128892548662 0.14621734178826562 0.22608763185347758 0.0032074322159222355 0.0089244560236187986 1.6199346825094476 0.04175053431229736 0.32006154594602121 0.23385389773367882 0.23420806229114532 0.0010003983059903021
leaf_count=2833 285 1162 323 1606 2 9569 2527 3014 33 15 166
internal_value=-0.0348124 -0.083684 -0.0666968 -0.0626342 0.0182666 -0.0631559 -0.0647713 -0.0559928 -0.078692 -0.0798235 -0.0500009
internal_weight=3.11118 2.88992 2.74371 2.04956 0.0131323 2.03643 1.66169 0.37474 0.69415 0.468062 0.00420783
internal_count=21535 21250 20088 19717 1774 17943 12096 5847 371 48 1772
is_linear=0
shrinkage=0.05


Tree=94
num_leaves=12
num_cat=0
split_feature=22 25 25 16 44 3 23 7 16 25 4
split_gain=39.0304 4.43284 0.0963123 0.028487 0.0144121 0.00881812 0.00773893 0.00694136 0.00244525 0.000704387 6.76338e-09
threshold=0.19139194139194141 0.30469910031816122 0.15276075225884034 1.0000000180025095e-35 84.500000000000014 14.500000000000002 36.500000000000007 96.464019851116646 0.41511019502140484 0.015069244240854105 94.028520499108751
decision_type=2 2 2 2 2 2 2 2 2 2 2
left_child=1 2 3 6 -4 9 10 -8 -7 -5 -1
right_child=-2 -3 4 5 -6 8 7 -9 -10 -11 -12
leaf_value=-0.050007508131274851 0.60597838187262876 -0.29571792061097213 -0.077411024143455034 -0.05037970451219155 -0.094782685221465934 -0.064155572682634818 -0.050000239178682848 0.050432008465695372 -0.051788591511396045 -0.05669398180684853 -0.05014389281822227
leaf_weight=0.001332246964813045 0.22045947669363242 0.22924722686184429 0.2291788119776984 0.049409207784415543 0.24924251437187195 1.5629794662757459 0.0021574853587935658 0.0084928702563047409 0.041019180903616115 0.41633854887788285 0.0028614194598048925
leaf_count=388 88 64 642 3007 7 10256 515 1 3082 3484 1
internal_value=-0.0345019 -0.0850703 -0.066229 -0.0615857 -0.0864611 -0.0620807 0.0074328 0.030087 -0.0638393 -0.0560241 -0.0501006
internal_weight=3.01272 2.79226 2.56301 2.08459 0.478421 2.06975 0.014844 0.0106504 1.604 0.465748 0.00419367
internal_count=21535 21447 21383 20734 649 19829 905 516 13338 6491 389
is_linear=0
shrinkage=0.05


Tree=95
num_leaves=10
num_cat=0
split_feature=24 18 24 17 17 43 3 7 5
split_gain=42.2911 4.80035 0.0718699 0.0276669 0.0158597 0.0073599 0.00734131 0.00660058 5.82009e-09
threshold=0.14371653339831983 0.62028634805404326 0.1320706471668939 1.0000000180025095e-35 0.49867724867724872 36.500000000000007 14.500000000000002 96.464019851116646 0.94028520499108736
decision_type=2 2 2 2 2 2 2 2 2
left_child=1 2 3 5 6 8 -5 -7 -1
right_child=-2 -3 -4 4 -6 7 -8 -9 -10
leaf_value=-0.050007142791553098 0.65601415459846291 -0.29537396669380361 -0.090733014078551291 -0.055700401800719737 -0.075402567264794218 -0.050000227178212245 -0.062984723715804589 0.050410770172316391 -0.050136859401931272
leaf_weight=0.0012672815267990032 0.20645273241443796 0.24923574924499492 0.24739213287830342 0.44556497830388631 0.22347341829698542 0.0020522640214721841 1.5461428805173592 0.0080819865688681602 0.0027222386561334133
leaf_count=388 100 46 21 6581 424 515 13458 1 1
internal_value=-0.0339572 -0.0862132 -0.0651649 -0.0623275 -0.0627723 0.00743058 -0.0613551 0.0300768 -0.0500957
internal_weight=2.93239 2.72593 2.4767 2.22931 2.21518 0.0141238 1.99171 0.0101343 0.00398952
internal_count=21535 21435 21389 21368 20463 905 20039 516 389
is_linear=0
shrinkage=0.05


Tree=96
num_leaves=10
num_cat=0
split_feature=45 15 25 25 43 7 24 3 4
split_gain=39.1344 10.0246 4.5552 0.0878529 0.0276361 0.0106621 0.00829707 0.00500939 0.000732073
threshold=77.010211267605655 0.53896761133603255 0.30469910031816122 0.15276075225884034 36.500000000000007 96.464019851116646 0.10728807692770236 14.500000000000002 83.697199810156633
decision_type=2 2 2 2 2 2 2 2 2
left_child=1 2 3 4 7 -6 -5 -1 -8
right_child=-2 -3 -4 6 5 -7 8 -9 -10
leaf_value=-0.054094140968014764 0.93331727435266032 0.40160849888656802 -0.29227763682939678 -0.073530077366461249 -0.050000541212834752 0.05039051760502037 -0.083312925117519698 -0.062206877591863587 -0.087199895709658262
leaf_weight=0.2181763985630959 0.10105214302954557 0.10899926722049791 0.24668232568546988 0.21802562275486165 0.0040310146190941643 0.0076908310272734148 0.23997373641655845 1.4880828213469026 0.24461314082145691
leaf_count=5822 50 124 60 505 2644 2 115 12205 8
internal_value=-0.0332081 -0.0683882 -0.0875948 -0.0667356 -0.0606439 0.0158671 -0.0816305 -0.0611695 -0.085275
internal_weight=2.87733 2.77628 2.66728 2.42059 1.71798 0.0117218 0.702612 1.70626 0.484587
internal_count=21535 21485 21361 21301 20673 2646 628 18027 123
is_linear=0
shrinkage=0.05


Tree=97
num_leaves=12
num_cat=0
split_feature=24 24 17 16 23 7 18 23 32 23 4
split_gain=35.9422 4.55976 0.036935 0.0238481 0.00662739 0.00596869 0.00342575 0.00302542 0.00165383 0.00128898 4.24263e-09
threshold=0.14371653339831983 0.1320706471668939 0.49867724867724872 1.0000000180025095e-35 36.500000000000007 96.464019851116646 0.62028634805404326 33.500000000000007 -1.0000000180025095e-35 95.500000000000014 94.028520499108751
decision_type=2 2 2 2 2 2 2 2 2 2 2
left_child=1 2 3 4 10 -6 -4 8 -5 -9 -1
right_child=-2 -3 6 7 5 -7 -8 9 -10 -11 -12
leaf_value=-0.05000637887449022 0.5627300249091588 -0.29151476480697908 -0.071888006322834166 -0.059186319269399296 -0.050000205754324206 0.050371379468531131 -0.080650328419437478 -0.061631886663563021 -0.052179680900619335 -0.066100342248148966 -0.050123312183735648
leaf_weight=0.0011342182461978609 0.23354078910404119 0.24105529487133104 0.21184021975623846 0.40332260877522735 0.0018569654645261835 0.0073184585198760033 0.23560953140258789 1.2761381548964092 0.10644715440589897 0.18475222621911114 0.0024541097227483988
leaf_count=388 100 24 424 3655 515 1 15 10342 5846 224 1
internal_value=-0.0321029 -0.0840945 -0.0635258 -0.0605985 0.00752647 0.0300577 -0.0765019 -0.0610397 -0.0577232 -0.062197 -0.0500864
internal_weight=2.90547 2.67193 2.43087 1.98342 0.0127638 0.00917542 0.44745 1.97066 0.50977 1.46089 0.00358833
internal_count=21535 21435 21411 20972 905 516 439 20067 9501 10566 389
is_linear=0
shrinkage=0.05


Tree=98
num_leaves=11
num_cat=0
split_feature=21 25 17 17 43 7 18 43 3 6
split_gain=38.0623 5.1699 0.0302177 0.0222669 0.00630299 0.00567593 0.00271895 0.00169658 0.00345265 3.65104e-09
threshold=0.57267080745341625 0.30469910031816122 0.49867724867724872 1.0000000180025095e-35 36.500000000000007 96.464019851116646 0.62028634805404326 61.500000000000007 13.500000000000002 97.182539682539684
decision_type=2 2 2 2 2 2 2 2 2 2
left_child=1 2 3 4 9 -6 -4 8 -5 -1
right_child=-2 -3 6 7 5 -7 -8 -9 -10 -11
leaf_value=-0.050006064564683241 0.59300982321489693 -0.30189213152149952 -0.070369946577537604 -0.05369547532125634 -0.050000195605118661 0.05035313804867169 -0.078275429901314433 -0.065029815838830038 -0.060723211605790917 -0.050117283186642651
leaf_weight=0.0010789083372674266 0.2244203733789617 0.24998332419272706 0.20574417193864869 0.1975271004485829 0.0017664005398501104 0.0069639915600419044 0.23074285686016083 0.17894322770374027 1.5168269969323451 0.0023346950765699148
leaf_count=388 285 40 349 5464 515 1 7 565 13920 1
internal_value=-0.0316662 -0.0857537 -0.0626825 -0.0599642 0.00752454 0.0300489 -0.0745491 -0.060397 -0.0599135 -0.0500821
internal_weight=2.81633 2.59191 2.34193 1.90544 0.012144 0.00873039 0.436487 1.8933 1.71435 0.0034136
internal_count=21535 21250 21210 20854 905 516 356 19949 19384 389
is_linear=0
shrinkage=0.05


Tree=99
num_leaves=11
num_cat=0
split_feature=22 25 25 17 45 23 7 3 15 5
split_gain=37.7805 4.59729 0.113787 0.0213849 0.00641719 0.00599452 0.00539762 0.00282802 0.00097545 3.14157e-09
threshold=0.19139194139194141 0.30469910031816122 0.21686305809725429 1.0000000180025095e-35 49.377419354838715 36.500000000000007 96.464019851116646 13.500000000000002 0.52788888888888896 0.94028520499108736
decision_type=2 2 2 2 2 2 2 2 2 2
left_child=1 2 3 5 7 9 -7 -5 -6 -1
right_child=-2 -3 -4 4 8 6 -8 -9 -10 -11
leaf_value=-0.050005770162442453 0.58913773995614427 -0.29184462513092602 -0.096075566958902375 -0.053550727444491401 -0.063877491158767577 -0.050000186607820109 0.050335793570815683 -0.06009036483062398 -0.068990164514358646 -0.050111547206165966
leaf_weight=0.0010262952700984549 0.22546751875926352 0.24572213429746748 0.24966555750633945 0.1864507060082069 0.17524857832998986 0.0016802524580725731 0.006626578513532877 1.4584465077981124 0.1994914710521698 0.0022210783790796995
leaf_count=388 88 64 203 5288 1167 515 1 13801 19 1
internal_value=-0.0310175 -0.0863591 -0.0642216 -0.0603063 -0.0606943 0.0075227 0.0300405 -0.0593491 -0.0665992 -0.0500781
internal_weight=2.75205 2.52658 2.28086 2.03119 2.01964 0.0115542 0.00830683 1.6449 0.37474 0.00324737
internal_count=21535 21447 21383 21180 20275 905 516 19089 1186 389
is_linear=0
shrinkage=0.05


end of trees

feature_importances:
address_levenshtein=163
name_levenshtein=136
address_fuzz_ratio=121
name_fuzz_ratio=107
name_token_sort_ratio=85
address_partial_ratio=81
address_length_ratio=79
name_address_similarity_product=74
address_char_cosine=72
name_jaccard=68
address_length_diff=57
address_token_sort_ratio=52
address_tfidf_cosine=52
address_token_set_ratio=51
address_wratio=49
address_missing=40
name_wratio=38
address_jaccard=36
name_ratio=35
name_length_diff=23
name_length_ratio=18
address_ratio=14
address_length_difference=14
name_address_similarity_sum=11
address_numeric_overlap=9
state_match=9
name_length_difference=9
name_token_set_ratio=8
address_similarity=8
name_token_count_diff=6
name_len_ratio=3
address_numeric_match=2
address_street_type_match=2
postal_match=1
same_state=1

parameters:
[boosting: gbdt]
[objective: binary]
[metric: binary_logloss]
[tree_learner: serial]
[device_type: cpu]
[data_sample_strategy: bagging]
[data: ]
[valid: ]
[num_iterations: 100]
[learning_rate: 0.05]
[num_leaves: 31]
[num_threads: 10]
[seed: 42]
[deterministic: 0]
[force_col_wise: 0]
[force_row_wise: 1]
[histogram_pool_size: -1]
[max_depth: 6]
[min_data_in_leaf: 20]
[min_sum_hessian_in_leaf: 0.001]
[bagging_fraction: 0.8]
[pos_bagging_fraction: 1]
[neg_bagging_fraction: 1]
[bagging_freq: 0]
[bagging_seed: 400]
[bagging_by_query: 0]
[feature_fraction: 0.8]
[feature_fraction_bynode: 1]
[feature_fraction_seed: 30056]
[extra_trees: 0]
[extra_seed: 12879]
[early_stopping_round: 0]
[early_stopping_min_delta: 0]
[first_metric_only: 0]
[max_delta_step: 0]
[lambda_l1: 0]
[lambda_l2: 0]
[linear_lambda: 0]
[min_gain_to_split: 0]
[drop_rate: 0.1]
[max_drop: 50]
[skip_drop: 0.5]
[xgboost_dart_mode: 0]
[uniform_drop: 0]
[drop_seed: 17869]
[top_rate: 0.2]
[other_rate: 0.1]
[min_data_per_group: 100]
[max_cat_threshold: 32]
[cat_l2: 10]
[cat_smooth: 10]
[max_cat_to_onehot: 4]
[top_k: 20]
[monotone_constraints: ]
[monotone_constraints_method: basic]
[monotone_penalty: 0]
[feature_contri: ]
[forcedsplits_filename: ]
[refit_decay_rate: 0.9]
[cegb_tradeoff: 1]
[cegb_penalty_split: 0]
[cegb_penalty_feature_lazy: ]
[cegb_penalty_feature_coupled: ]
[path_smooth: 0]
[interaction_constraints: ]
[verbosity: 1]
[saved_feature_importance_type: 0]
[use_quantized_grad: 0]
[num_grad_quant_bins: 4]
[quant_train_renew_leaf: 0]
[stochastic_rounding: 1]
[linear_tree: 0]
[max_bin: 255]
[max_bin_by_feature: ]
[min_data_in_bin: 3]
[bin_construct_sample_cnt: 200000]
[data_random_seed: 175]
[is_enable_sparse: 1]
[enable_bundle: 1]
[use_missing: 1]
[zero_as_missing: 0]
[feature_pre_filter: 1]
[pre_partition: 0]
[two_round: 0]
[header: 0]
[label_column: ]
[weight_column: ]
[group_column: ]
[ignore_column: ]
[categorical_feature: ]
[forcedbins_filename: ]
[precise_float_parser: 0]
[parser_config_file: ]
[objective_seed: 16083]
[num_class: 1]
[is_unbalance: 0]
[scale_pos_weight: 1]
[sigmoid: 1]
[boost_from_average: 1]
[reg_sqrt: 0]
[alpha: 0.9]
[fair_c: 1]
[poisson_max_delta_step: 0.7]
[tweedie_variance_power: 1.5]
[lambdarank_truncation_level: 30]
[lambdarank_norm: 1]
[label_gain: ]
[lambdarank_position_bias_regularization: 0]
[eval_at: ]
[multi_error_top_k: 1]
[auc_mu_weights: ]
[num_machines: 1]
[local_listen_port: 12400]
[time_out: 120]
[machine_list_filename: ]
[machines: ]
[gpu_platform_id: -1]
[gpu_device_id: -1]
[gpu_device_id_list: ]
[gpu_use_dp: 0]
[num_gpu: 1]

end of parameters

pandas_categorical:[]
